time, ECG, accX, accY, accZ, gyroX, gyroY, gyroZ, temp
2047,1360,-1.467646,5.485116,-8.599973,0.032508,-0.067149,0.045299,24.788824
2057,1375,-1.482011,5.221754,-8.568848,0.021051,-0.069813,0.046364,24.80353
2067,1392,-1.587356,4.977545,-8.59279,0.006129,-0.06102,0.029577,24.809412
2077,1445,-1.668759,4.853047,-8.602366,-0.005862,-0.029844,0.007194,24.806471
2087,1395,-1.659182,4.994305,-8.50181,-0.025047,0.005063,-0.00826,24.80353
2097,1415,-1.596933,5.130774,-8.367735,-0.042368,0.052227,-0.014123,24.812353
2107,1396,-1.414973,5.2026,-8.164227,-0.056224,0.057023,-0.008527,24.780001
2117,1463,-1.30484,5.348647,-8.003817,-0.062086,0.032508,0.000533,24.780001
2127,1604,-1.233014,5.638345,-7.953538,-0.041568,-0.017853,0.027712,24.788824
2137,1675,-1.340753,5.566519,-8.219295,-0.010126,-0.059954,0.042368,24.806471
2147,1776,-1.656788,5.398925,-8.5473,0.020784,-0.074077,0.039703,24.797647
2157,1777,-1.884237,5.226542,-8.822633,0.029044,-0.059155,0.033841,24.794706
2167,1730,-1.910573,5.276821,-8.935161,0.024248,-0.029844,0.027712,24.788824
2177,1607,-1.860295,5.379771,-8.846576,0.023982,-0.007461,0.035173,24.782942
2187,1477,-1.766921,5.298368,-8.734048,0.013057,0.023182,0.042634,24.809412
2197,1437,-1.568202,5.193024,-8.394072,-0.005063,0.019985,0.046098,24.800589
2207,1456,-1.431733,5.003881,-8.240842,-0.011724,0.013323,0.031176,24.785883
2217,1449,-1.443704,4.951209,-8.147469,-0.016521,-0.002398,0.001066,24.794706
2227,1493,-1.462857,5.00867,-8.123527,-0.005063,-0.016254,-0.027712,24.782942
2237,1526,-1.58975,5.300763,-8.26239,0.024515,-0.021583,-0.044499,24.797647
2247,1531,-1.752556,5.427655,-8.5473,0.043966,-0.012257,-0.038904,24.800589
2257,1557,-1.877054,5.410896,-8.693346,0.036239,-0.001332,-0.014922,24.80353
2267,1569,-1.941698,5.382165,-8.808268,0.025847,0.023982,0.012257,24.80353
2277,1185,-1.898602,5.336676,-8.793902,0.010126,0.058622,0.039436,24.806471
2287,1658,-1.747767,5.181053,-8.595184,-0.018386,0.085002,0.058089,24.788824
2297,4095,-1.479617,4.994305,-8.209718,-0.037038,0.0866,0.061819,24.800589
2307,4095,-1.233014,4.853047,-7.838616,-0.038904,0.059421,0.038371,24.788824
2317,2968,-1.194707,4.831499,-7.848193,-0.029844,0.034907,0.002665,24.800589
2327,1175,-1.216254,4.910508,-7.864953,-0.034374,-0.014655,-0.022116,24.800589
2337,1568,-1.295263,5.145139,-7.912837,-0.017054,-0.063152,-0.038104,24.791765
2347,1591,-1.513135,5.312734,-8.164227,0.011991,-0.098325,-0.047697,24.806471
2400,1756,-1.699883,5.571307,-8.683769,-0.029311,0.068481,0.047963,24.812353
2410,1741,-1.553837,5.57849,-8.511387,-0.036772,0.062086,0.07008,24.806471
2420,1775,-1.527501,5.45878,-8.568848,-0.046364,0.069014,0.083936,24.806471
2430,1832,-1.527501,5.24809,-8.444349,-0.063418,0.073544,0.085002,24.821177
2440,1813,-1.482011,5.042189,-8.341399,-0.058089,0.068747,0.067681,24.797647
2450,1822,-1.426944,4.982334,-8.161834,-0.035173,0.037571,0.041835,24.797647
2460,1903,-1.352724,4.972757,-7.941567,-0.004263,-0.013057,0.015455,24.80353
2470,1959,-1.417367,4.841076,-7.970297,0.02638,-0.05649,-0.019985,24.809412
2480,1975,-1.572991,4.790798,-8.123527,0.050361,-0.086334,-0.054092,24.83
2490,2035,-1.766921,4.869806,-8.312668,0.051694,-0.082603,-0.071145,24.824118
2500,2096,-1.855506,4.994305,-8.485051,0.029577,-0.059421,-0.066616,24.83
2510,2201,-1.92015,5.257667,-8.66701,-0.006662,-0.011991,-0.038104,24.815294
2520,2256,-1.848324,5.391742,-8.671799,-0.047164,0.035173,0.006129,24.844706
2530,2271,-1.649605,5.530606,-8.564059,-0.076741,0.065283,0.050628,24.827059
2540,2252,-1.443704,5.573701,-8.485051,-0.094328,0.073277,0.089798,24.818235
2550,2297,-1.314417,5.394136,-8.276755,-0.093528,0.056757,0.097525,24.806471
2560,2175,-1.323994,5.260061,-8.166622,-0.057023,0.026913,0.075409,24.818235
2570,2075,-1.434127,5.092467,-8.267179,-0.018386,-0.007194,0.048763,24.821177
2580,1929,-1.527501,4.987122,-8.432379,-0.00373,-0.037838,0.026913,24.83
2590,1783,-1.601721,4.910508,-8.53054,-0.002931,-0.036239,0.006928,24.824118
2600,1725,-1.659182,4.941632,-8.50181,0.005329,-0.037305,-0.007194,24.844706
2610,1661,-1.695095,5.070919,-8.504205,0.015721,-0.018119,-0.007727,24.827059
2620,1635,-1.690306,5.166687,-8.494628,0.010392,0.007461,0.009326,24.821177
2630,1680,-1.630451,5.233725,-8.561666,-0.01732,0.020251,0.039969,24.83
2640,1592,-1.628057,5.200206,-8.614338,-0.053825,0.043167,0.064484,24.824118
2650,1598,-1.580173,5.197812,-8.568848,-0.071145,0.059421,0.066882,24.821177
2660,1617,-1.529895,5.21936,-8.422802,-0.050894,0.048763,0.049562,24.832941
2670,1643,-1.546654,5.190629,-8.437167,-0.021317,0.022116,0.022916,24.821177
2680,1618,-1.486799,5.21936,-8.415619,0.002132,-0.00906,0.00453,24.80353
2690,1680,-1.42455,5.17387,-8.386889,0.016521,-0.037838,-0.005862,24.797647
2700,1714,-1.479617,5.104438,-8.458714,0.015721,-0.039436,-0.007727,24.827059
2710,1699,-1.532289,5.070919,-8.468291,-0.006395,-0.033574,0.003464,24.827059
2720,1710,-1.606509,4.984728,-8.41083,-0.023715,-0.002398,0.00826,24.818235
2730,1749,-1.651999,5.003881,-8.374918,-0.036239,0.026646,0.014389,24.821177
2740,1779,-1.661576,5.066131,-8.418014,-0.05196,0.044766,0.020784,24.827059
2750,1739,-1.654393,5.193024,-8.406042,-0.060753,0.053292,0.021583,24.850588
2760,1744,-1.68073,5.348647,-8.506598,-0.054358,0.046364,0.029044,24.838823
2770,1811,-1.702277,5.295974,-8.580819,-0.045299,0.037838,0.034907,24.827059
2780,1734,-1.661576,5.145139,-8.523358,-0.03917,0.034374,0.029311,24.835882
2790,1725,-1.580173,5.023035,-8.343793,-0.034107,0.022916,0.014922,24.832941
2800,1745,-1.455675,4.898537,-8.12592,-0.026913,-0.001066,-0.006928,24.832941
2810,1737,-1.335965,4.893748,-7.991845,-0.015988,-0.031176,-0.027179,24.827059
2820,1762,-1.398214,4.924873,-8.078036,-0.020784,-0.04823,-0.043167,24.835882
2830,1771,-1.549049,5.046977,-8.279149,-0.03544,-0.050361,-0.039969,24.827059
2840,1786,-1.70946,5.157111,-8.5473,-0.050095,-0.034107,-0.024515,24.853529
2850,1776,-1.769315,5.233725,-8.714894,-0.050095,-0.014389,-0.014389,24.838823
2860,1762,-1.73819,5.377377,-8.65025,-0.028778,-0.011991,-0.00906,24.83
2870,1772,-1.687912,5.456386,-8.647857,-0.004263,0.002132,-0.000799,24.832941
2880,1745,-1.577779,5.334281,-8.549694,-0.012257,0.00373,0.016254,24.824118
2890,1746,-1.522712,5.236119,-8.432379,-0.040236,-0.002931,0.024781,24.815294
2900,1790,-1.482011,5.185841,-8.394072,-0.050095,-0.011724,0.02638,24.83
2910,1786,-1.407791,5.164293,-8.384495,-0.03917,-0.032508,0.01732,24.835882
2920,1803,-1.489193,5.164293,-8.470686,-0.033308,-0.035706,0.00826,24.835882
2930,1871,-1.596933,5.193024,-8.528147,-0.038104,-0.030643,0.009593,24.832941
2940,1811,-1.541866,5.176264,-8.506598,-0.033841,-0.02558,0.013057,24.844706
2950,1758,-1.570596,5.12838,-8.401254,-0.022116,-0.026646,0.00906,24.83
2960,1807,-1.692701,5.049371,-8.537724,-0.015455,-0.010126,-0.002132,24.838823
2970,1901,-1.862689,5.003881,-8.645462,-0.022916,0.022116,-0.015188,24.838823
2980,1984,-1.900996,5.063736,-8.62152,-0.040502,0.054625,-0.014389,24.835882
2990,2003,-1.802834,5.291186,-8.552089,-0.056224,0.07381,0,24.838823
3000,2085,-1.587356,5.506664,-8.413225,-0.065283,0.066349,0.026113,24.832941
3010,2131,-1.49877,5.444415,-8.240842,-0.065017,0.042368,0.046897,24.841764
3020,1983,-1.45328,5.245696,-8.226477,-0.059954,0.007194,0.056224,24.835882
3030,1893,-1.414973,5.006276,-8.250419,-0.039969,-0.03091,0.037838,24.844706
3040,1788,-1.446098,5.042189,-8.243237,-0.00453,-0.071412,0.012257,24.818235
3050,1747,-1.484405,5.135562,-8.441956,0.023449,-0.088466,0.002931,24.83
3060,1773,-1.61848,5.080496,-8.62152,0.017853,-0.069547,0.007194,24.835882
3070,1776,-1.728614,4.915296,-8.702923,-0.014389,-0.020251,0.012524,24.853529
3080,1761,-1.78368,4.91769,-8.631097,-0.039436,0.02185,0.018652,24.850588
3090,1799,-1.726219,5.061342,-8.477868,-0.050628,0.0429,0.023715,24.844706
3100,1808,-1.644817,5.181053,-8.396465,-0.05276,0.045565,0.022383,24.844706
3110,1823,-1.563414,5.348647,-8.391677,-0.046098,0.029577,0.024515,24.835882
3120,1821,-1.477222,5.329493,-8.327033,-0.0437,0.009859,0.026646,24.844706
3130,1487,-1.47004,5.238513,-8.248025,-0.048763,-0.003198,0.023449,24.83
3140,1521,-1.51553,5.070919,-8.202535,-0.045299,-0.016787,0.018919,24.824118
3150,4095,-1.47004,4.99191,-8.303091,-0.038371,-0.033841,0.010658,24.835882
3160,4095,-1.467646,5.070919,-8.444349,-0.031176,-0.037571,0.001332,24.847647
3170,4095,-1.572991,5.24809,-8.468291,-0.032775,-0.01732,0.003198,24.844706
3180,1745,-1.68073,5.319916,-8.554482,-0.041568,0.002931,0.019718,24.847647
3190,1681,-1.757344,5.240908,-8.604761,-0.05276,0.024515,0.033574,24.838823
3200,1771,-1.75495,5.135562,-8.604761,-0.050361,0.0429,0.029577,24.832941
3210,1751,-1.666364,5.154716,-8.623915,-0.030377,0.045565,0.00826,24.835882
3220,1731,-1.649605,5.209783,-8.544906,-0.013057,0.042634,-0.014655,24.827059
3230,1777,-1.675941,5.310339,-8.50181,-0.014389,0.035972,-0.024248,24.83
3240,1807,-1.671153,5.303157,-8.446744,-0.018652,0.022649,-0.017587,24.835882
3250,1834,-1.642422,5.272032,-8.425196,-0.019452,0.016521,0,24.838823
3260,1853,-1.537078,5.260061,-8.355764,-0.027446,0.005329,0.027179,24.844706
3270,1875,-1.398214,5.195418,-8.240842,-0.031709,-0.016521,0.045032,24.844706
3280,1911,-1.302446,5.056554,-8.209718,-0.03544,-0.039969,0.044233,24.838823
3290,1881,-1.391031,4.900931,-8.276755,-0.034907,-0.048496,0.026646,24.827059
3300,1922,-1.472434,4.984728,-8.322245,-0.023715,-0.058089,0.001332,24.812353
3310,1958,-1.539472,5.281609,-8.429984,0.004263,-0.059155,-0.005862,24.83
3320,2018,-1.606509,5.343858,-8.59279,-0.004263,-0.040502,0.011991,24.83
3330,2014,-1.649605,5.188235,-8.583213,-0.047963,-0.011191,0.032242,24.844706
3340,2075,-1.651999,4.984728,-8.499416,-0.07834,0.022649,0.033574,24.835882
3350,2143,-1.659182,4.869806,-8.336611,-0.081538,0.0429,0.010925,24.844706
3360,2191,-1.661576,4.996699,-8.281544,-0.071412,0.047164,-0.010392,24.832941
3370,2282,-1.697489,5.243302,-8.312668,-0.057822,0.0429,-0.010126,24.841764
3380,2281,-1.654393,5.391742,-8.408437,-0.060221,0.034374,0.009326,24.835882
3390,2327,-1.637634,5.439626,-8.499416,-0.069547,0.025847,0.032508,24.850588
3400,2317,-1.630451,5.444415,-8.5473,-0.063951,0.014922,0.048496,24.853529
3410,2335,-1.582567,5.331887,-8.540117,-0.044499,-0.00373,0.05196,24.85647
3420,2286,-1.517924,5.255273,-8.511387,-0.028778,-0.024248,0.045032,24.862352
3430,2088,-1.522712,5.149928,-8.523358,-0.022916,-0.023982,0.038904,24.859411
3440,1904,-1.513135,5.018247,-8.432379,-0.032242,-0.016787,0.034907,24.847647
3450,1830,-1.496376,4.941632,-8.346188,-0.038371,-0.007194,0.027446,24.841764
3460,1806,-1.501164,4.896142,-8.283937,-0.035972,-0.005329,0.009859,24.838823
3470,1744,-1.592144,4.800375,-8.339005,-0.027979,-0.006662,-0.02558,24.838823
3480,1667,-1.707066,4.922479,-8.446744,-0.022649,-0.009593,-0.045299,24.847647
3490,1646,-1.747767,5.149928,-8.480263,-0.026113,-0.00826,-0.045832,24.859411
3500,1665,-1.731008,5.370194,-8.564059,-0.033308,0.001066,-0.028245,24.847647
3510,1653,-1.661576,5.432444,-8.53054,-0.050361,0.002132,0.004263,24.853529
3520,1686,-1.58975,5.422867,-8.480263,-0.06475,0.00453,0.034907,24.835882
3530,1714,-1.479617,5.336676,-8.394072,-0.059155,0.003997,0.045299,24.847647
3540,1681,-1.462857,5.190629,-8.408437,-0.039703,-0.001332,0.035173,24.850588
3550,1772,-1.534683,5.097255,-8.549694,-0.031443,0.000799,0.023715,24.838823
3560,1630,-1.63524,5.061342,-8.611943,-0.035173,0.00826,0.013057,24.85647
3570,1723,-1.714248,5.099649,-8.520964,-0.030377,0.011458,0.001865,24.844706
3580,1717,-1.728614,5.092467,-8.482656,-0.022383,0.00453,-0.010658,24.85647
3590,1733,-1.714248,5.099649,-8.394072,-0.017054,-0.007194,-0.021051,24.862352
3600,1767,-1.750161,5.12838,-8.420407,-0.015188,-0.00826,-0.023715,24.847647
3610,1757,-1.735796,5.154716,-8.439561,-0.023449,-0.002398,-0.01732,24.862352
3620,1810,-1.704672,5.125986,-8.401254,-0.039703,0.002398,-0.006662,24.853529
3630,1750,-1.649605,5.171476,-8.379706,-0.042368,0.003997,0.004263,24.847647
3640,1786,-1.551443,5.245696,-8.343793,-0.035173,-0.001066,0.013856,24.844706
3650,1852,-1.503559,5.310339,-8.406042,-0.031709,-0.003997,0.019985,24.853529
3660,1744,-1.49877,5.370194,-8.487445,-0.028245,-0.007727,0.022916,24.868235
3670,1791,-1.539472,5.370194,-8.559271,-0.023982,-0.001599,0.020784,24.85647
3680,1698,-1.553837,5.329493,-8.559271,-0.012524,0.002398,0.01732,24.85647
3690,1733,-1.613692,5.284003,-8.566454,-0.008527,0.003464,0.017054,24.850588
3700,1756,-1.620875,5.212177,-8.520964,-0.017587,0.009326,0.019185,24.850588
3710,1750,-1.577779,5.104438,-8.389283,-0.029577,0.014123,0.020518,24.859411
3720,1743,-1.546654,4.967968,-8.267179,-0.03011,0.015988,0.008793,24.862352
3730,1793,-1.532289,4.975151,-8.248025,-0.031443,0.011724,-0.004263,24.862352
3740,1816,-1.525106,5.006276,-8.255207,-0.029577,-0.002931,-0.011458,24.871176
3750,1808,-1.532289,5.032612,-8.367735,-0.025314,-0.00826,-0.025314,24.859411
3760,1728,-1.63524,5.070919,-8.453926,-0.021583,-0.015988,-0.029044,24.859411
3770,1837,-1.687912,5.159505,-8.513782,-0.020784,-0.018119,-0.023182,24.85647
3780,1775,-1.68073,5.260061,-8.511387,-0.025847,-0.014123,-0.005862,24.838823
3790,1791,-1.654393,5.284003,-8.485051,-0.037571,-0.005596,0.017853,24.850588
3800,1825,-1.596933,5.257667,-8.377312,-0.041035,0.010392,0.033841,24.862352
3810,1802,-1.620875,5.181053,-8.386889,-0.032508,0.015988,0.038371,24.844706
3820,1807,-1.678335,5.130774,-8.434772,-0.032242,0.01732,0.038104,24.859411
3830,1803,-1.654393,5.164293,-8.453926,-0.036772,0.007727,0.038371,24.85647
3840,1810,-1.661576,5.238513,-8.506598,-0.033308,0.004796,0.036239,24.862352
3850,1903,-1.671153,5.231331,-8.631097,-0.031709,0.008527,0.038637,24.847647
3860,1955,-1.659182,5.185841,-8.583213,-0.037838,0.019185,0.043966,24.853529
3870,1978,-1.558625,5.121197,-8.408437,-0.0437,0.027712,0.0429,24.865294
3880,2094,-1.493982,5.001487,-8.293514,-0.030377,0.025314,0.025847,24.862352
3890,2093,-1.491588,4.932055,-8.231265,-0.016254,0.002132,0.000266,24.865294
3900,2022,-1.534683,4.965574,-8.255207,-0.005329,-0.026113,-0.023182,24.865294
3910,1909,-1.486799,5.092467,-8.350976,-0.007727,-0.047697,-0.027979,24.871176
3920,1834,-1.484405,5.233725,-8.384495,-0.014655,-0.050628,-0.017587,24.862352
3930,1749,-1.570596,5.272032,-8.482656,-0.024781,-0.036239,-0.001066,24.874117
3940,1774,-1.606509,5.365406,-8.475474,-0.034107,-0.016254,0.021583,24.877058
3950,1796,-1.649605,5.312734,-8.453926,-0.017054,-0.003198,0.03091,24.874117
3960,1726,-1.702277,5.238513,-8.477868,0.001066,-0.003997,0.03011,24.859411
3970,1774,-1.752556,5.164293,-8.7125,0.007994,0.007461,0.026646,24.874117
3980,1777,-1.838747,5.066131,-8.844181,-0.011458,0.038637,0.021317,24.862352
3990,1808,-1.872266,5.073313,-8.736442,-0.034907,0.060753,0.027712,24.85647
4000,1804,-1.752556,5.102044,-8.540117,-0.057023,0.066616,0.040502,24.865294
4010,1854,-1.587356,5.063736,-8.319851,-0.062352,0.064484,0.049828,24.871176
4020,1360,-1.448492,4.967968,-8.11395,-0.05276,0.051694,0.040769,24.850588
4030,1781,-1.35033,4.908113,-7.967903,-0.031443,0.025047,0.014922,24.859411
4040,4095,-1.295263,4.946421,-7.955932,-0.028778,-0.016254,-0.00826,24.862352
4050,4095,-1.343147,5.049371,-8.099585,-0.024781,-0.043433,-0.027979,24.868235
4060,3914,-1.525106,5.178658,-8.295909,-0.007727,-0.054358,-0.041835,24.862352
4070,1505,-1.699883,5.224148,-8.508993,0.002398,-0.055691,-0.037305,24.865294
4080,1689,-1.764527,5.226542,-8.552089,-0.002931,-0.042368,-0.015188,24.877058
4090,1714,-1.745373,5.245696,-8.576031,-0.01732,-0.027979,0.010658,24.859411
4100,1715,-1.771709,5.147533,-8.669404,-0.030377,-0.001599,0.029044,24.865294
4110,1746,-1.786075,5.042189,-8.66701,-0.045832,0.025047,0.041835,24.862352
4120,1770,-1.733402,5.0374,-8.643068,-0.06102,0.046364,0.043433,24.850588
4130,1803,-1.644817,5.106832,-8.556877,-0.055957,0.046364,0.03464,24.85647
4140,1825,-1.58975,5.166687,-8.513782,-0.046098,0.035706,0.018652,24.859411
4150,1868,-1.570596,5.183447,-8.532935,-0.047697,0.018386,0.006395,24.862352
4160,1870,-1.570596,5.245696,-8.506598,-0.048496,0.00373,0.002132,24.868235
4170,1888,-1.575385,5.288792,-8.3821,-0.038104,-0.019452,0.005329,24.859411
4180,1856,-1.594538,5.209783,-8.391677,-0.024781,-0.039969,0.008527,24.871176
4190,1918,-1.572991,5.102044,-8.355764,-0.018919,-0.054358,0.013057,24.868235
4200,1937,-1.577779,5.058948,-8.339005,-0.015455,-0.060221,0.017587,24.865294
4210,2000,-1.58975,5.070919,-8.377312,-0.010658,-0.046897,0.021051,24.868235
4220,1984,-1.628057,5.066131,-8.520964,-0.006129,-0.027712,0.02185,24.853529
4230,2038,-1.685518,5.051765,-8.59279,-0.011458,-0.004796,0.021583,24.874117
4240,2100,-1.673547,5.013458,-8.544906,-0.02558,0.016254,0.022116,24.868235
4250,2142,-1.570596,4.996699,-8.420407,-0.043966,0.026113,0.015721,24.88294
4260,2203,-1.520318,5.085284,-8.327033,-0.042368,0.035706,0.001332,24.865294
4270,2224,-1.549049,5.145139,-8.355764,-0.036772,0.033041,-0.003464,24.865294
4280,2374,-1.61848,5.157111,-8.437167,-0.061553,0.032242,0.005063,24.868235
4290,2333,-1.613692,5.207389,-8.432379,-0.079672,0.028245,0.015455,24.871176
4300,2239,-1.534683,5.310339,-8.394072,-0.062086,0.013057,0.011991,24.879999
4310,2176,-1.563414,5.386954,-8.458714,-0.035706,-0.007461,0.009859,24.868235
4320,2058,-1.577779,5.324705,-8.537724,-0.028245,-0.022116,0.016787,24.877058
4330,1905,-1.563414,5.2026,-8.48984,-0.026113,-0.033308,0.02185,24.868235
4340,1775,-1.56102,5.102044,-8.437167,-0.020251,-0.033841,0.022916,24.859411
4350,1681,-1.599327,5.118803,-8.461109,-0.026113,-0.031176,0.031709,24.874117
4360,1598,-1.587356,5.109226,-8.413225,-0.034374,-0.02185,0.045565,24.888824
4370,1638,-1.611298,5.08289,-8.441956,-0.038637,-0.002132,0.051427,24.877058
4380,1664,-1.628057,5.011064,-8.485051,-0.043433,0.015455,0.049562,24.871176
4390,1632,-1.640028,4.922479,-8.485051,-0.05276,0.028778,0.035972,24.853529
4400,1622,-1.623269,4.965574,-8.465898,-0.050628,0.034907,0.007994,24.865294
4410,1611,-1.572991,5.056554,-8.403648,-0.029044,0.023182,-0.02558,24.879999
4420,1630,-1.556231,5.185841,-8.403648,-0.01732,0.005862,-0.049029,24.871176
4430,1641,-1.572991,5.291186,-8.391677,-0.023715,-0.004796,-0.044766,24.885881
4440,1614,-1.594538,5.303157,-8.394072,-0.041035,-0.014922,-0.022916,24.879999
4450,1616,-1.654393,5.276821,-8.386889,-0.049828,-0.016787,0.000533,24.879999
4460,1647,-1.704672,5.312734,-8.386889,-0.043167,-0.017054,0.030377,24.865294
4470,1715,-1.687912,5.272032,-8.441956,-0.037838,-0.000533,0.052493,24.879999
4480,1719,-1.685518,5.250484,-8.497022,-0.034907,0.007194,0.067415,24.879999
4490,1715,-1.675941,5.188235,-8.520964,-0.03011,0.008527,0.07381,24.874117
4500,1749,-1.690306,5.046977,-8.508993,-0.024515,0.006129,0.059954,24.88294
4510,1741,-1.647211,4.955997,-8.475474,-0.019985,-0.000266,0.033574,24.879999
4520,1744,-1.640028,4.994305,-8.434772,-0.011191,-0.001865,0.001599,24.862352
4530,1713,-1.644817,5.068525,-8.475474,-0.015455,0.000533,-0.016521,24.868235
4540,1729,-1.628057,5.166687,-8.482656,-0.033041,0.002132,-0.016521,24.877058
4550,1774,-1.637634,5.157111,-8.432379,-0.048496,0.004263,-0.006129,24.868235
4560,1738,-1.563414,5.133168,-8.348581,-0.047164,-0.006662,-0.003198,24.877058
4570,1718,-1.556231,5.085284,-8.346188,-0.029844,-0.019452,-0.011724,24.862352
4580,1709,-1.592144,5.118803,-8.377312,-0.011191,-0.033841,-0.017587,24.868235
4590,1743,-1.61848,5.109226,-8.468291,-0.014655,-0.033841,-0.012257,24.871176
4600,1791,-1.659182,5.114015,-8.580819,-0.038104,-0.026913,0.001066,24.874117
4610,1737,-1.647211,5.097255,-8.559271,-0.053825,-0.014389,0.011191,24.862352
4620,1711,-1.671153,5.068525,-8.499416,-0.058888,-0.005329,0.017054,24.859411
4630,1754,-1.673547,5.032612,-8.480263,-0.068214,0.002931,0.015721,24.877058
4640,1738,-1.649605,5.104438,-8.415619,-0.074609,0.001599,0.014922,24.879999
4650,1766,-1.599327,5.171476,-8.41083,-0.06555,-0.012257,0.005329,24.88294
4660,1754,-1.647211,5.260061,-8.485051,-0.047963,-0.028511,-0.007461,24.879999
4670,1735,-1.673547,5.260061,-8.525752,-0.021051,-0.041568,-0.017054,24.865294
4680,1793,-1.711854,5.26485,-8.599973,-0.000799,-0.0437,-0.022116,24.871176
4690,1788,-1.668759,5.228937,-8.561666,0.00453,-0.041035,-0.021583,24.874117
4700,1731,-1.654393,5.142745,-8.552089,0.00453,-0.026113,-0.020518,24.874117
4710,1770,-1.70946,5.125986,-8.532935,0.001066,-0.006662,-0.018919,24.874117
4720,1775,-1.778892,5.114015,-8.544906,-0.008793,0.010392,-0.004796,24.868235
4730,1795,-1.786075,5.157111,-8.532935,-0.03091,0.026646,0.017587,24.879999
4740,1808,-1.687912,5.216966,-8.499416,-0.045299,0.040236,0.0429,24.885881
4750,1840,-1.611298,5.161899,-8.415619,-0.04823,0.0429,0.052493,24.877058
4760,1874,-1.580173,5.123591,-8.386889,-0.046631,0.041035,0.045832,24.88294
4770,1907,-1.549049,5.123591,-8.365341,-0.042101,0.031975,0.034374,24.88294
4780,1915,-1.467646,5.135562,-8.271967,-0.033574,0.010126,0.023982,24.877058
4790,2074,-1.369483,5.147533,-8.236053,-0.019985,-0.007194,0.010925,24.868235
4800,1965,-1.465251,5.109226,-8.279149,-0.008793,-0.01732,-0.002665,24.865294
4810,1910,-1.551443,5.058948,-8.324639,-0.007194,-0.026113,-0.010126,24.885881
4820,1851,-1.630451,5.08289,-8.37013,-0.00906,-0.020518,-0.010925,24.879999
4830,1744,-1.690306,5.176264,-8.449138,-0.016521,-0.013323,-0.000533,24.879999
4840,1715,-1.704672,5.231331,-8.429984,-0.024781,-0.006662,0.015455,24.865294
4850,1753,-1.719037,5.260061,-8.508993,-0.033574,-0.000266,0.03011,24.874117
4860,1761,-1.747767,5.226542,-8.578424,-0.031709,0.00453,0.035706,24.877058
4870,1781,-1.699883,5.145139,-8.532935,-0.029844,0.002665,0.034374,24.885881
4880,1749,-1.644817,5.106832,-8.549694,-0.020518,0.001332,0.018386,24.871176
4890,1780,-1.584962,5.097255,-8.453926,-0.015721,0.002665,-0.001332,24.868235
4900,1791,-1.558625,5.125986,-8.37013,-0.018386,0.004796,-0.007461,24.871176
4910,1871,-1.549049,5.161899,-8.319851,-0.039969,0.00453,0.005063,24.88294
4920,1378,-1.584962,5.147533,-8.295909,-0.053559,0.005596,0.021317,24.88294
4930,2047,-1.697489,5.17387,-8.358158,-0.054625,0.014655,0.039969,24.877058
4941,4095,-1.731008,5.142745,-8.451532,-0.048763,0.022116,0.053825,24.868235
4951,4095,-1.759738,5.090073,-8.542512,-0.042101,0.027446,0.052493,24.885881
4961,3258,-1.716643,5.068525,-8.5473,-0.035173,0.020784,0.041302,24.871176
4971,1402,-1.654393,5.102044,-8.537724,-0.023715,0.010392,0.023982,24.871176
4981,1718,-1.644817,5.073313,-8.60955,-0.024248,0.005329,0.007994,24.865294
4991,1779,-1.647211,5.030218,-8.635885,-0.024781,0.005596,-0.004796,24.874117
5001,1773,-1.642422,5.070919,-8.590396,-0.015721,0.008793,-0.016521,24.877058
5011,1842,-1.592144,5.159505,-8.508993,-0.01359,0.015988,-0.014389,24.885881
5021,1776,-1.527501,5.224148,-8.401254,-0.026913,0.01359,0.00373,24.879999
5031,1726,-1.496376,5.185841,-8.322245,-0.043167,0.006395,0.022383,24.877058
5041,1775,-1.51553,5.161899,-8.276755,-0.043966,0.004263,0.028778,24.868235
5051,1771,-1.575385,5.12838,-8.271967,-0.020518,-0.004263,0.024781,24.877058
5061,1847,-1.651999,5.106832,-8.418014,-0.011724,-0.016521,0.018386,24.88294
5071,1872,-1.671153,5.133168,-8.499416,-0.010925,-0.030643,0.013856,24.879999
5081,1879,-1.637634,5.161899,-8.487445,-0.000266,-0.038104,0.006662,24.888824
5091,1934,-1.640028,5.152322,-8.480263,0.008527,-0.03544,0.002931,24.891766
5101,1919,-1.625663,5.068525,-8.470686,0.000266,-0.029577,0.007461,24.877058
5111,1994,-1.642422,4.99191,-8.449138,-0.017054,-0.014655,0.010925,24.879999
5121,2022,-1.630451,4.970363,-8.396465,-0.035706,-0.007727,0.007194,24.877058
5131,1997,-1.592144,5.003881,-8.358158,-0.034107,-0.00373,-0.007994,24.885881
5141,2138,-1.596933,5.133168,-8.339005,-0.020518,-0.003997,-0.022649,24.879999
5151,2111,-1.613692,5.281609,-8.386889,-0.014389,-0.007994,-0.02638,24.874117
5161,2154,-1.644817,5.324705,-8.470686,-0.01359,-0.011191,-0.019185,24.874117
5171,2203,-1.685518,5.353435,-8.60955,-0.019718,-0.014123,0.001599,24.874117
5181,2274,-1.728614,5.29358,-8.628703,-0.029311,-0.002665,0.023715,24.865294
5191,2261,-1.723825,5.233725,-8.513782,-0.024781,0.01359,0.034107,24.877058
5201,2273,-1.692701,5.12838,-8.468291,-0.020784,0.015188,0.040236,24.862352
5211,2196,-1.608904,5.042189,-8.377312,-0.01732,0.007194,0.036505,24.868235
5221,2062,-1.551443,5.00867,-8.403648,-0.01359,-0.006129,0.02185,24.865294
5231,1898,-1.551443,5.00867,-8.468291,-0.011724,-0.009326,0.004796,24.871176
5241,1809,-1.61848,4.944026,-8.525752,-0.022116,-0.000799,-0.002398,24.865294
5251,1763,-1.651999,4.972757,-8.47308,-0.036772,0.01279,-0.002665,24.877058
5261,1589,-1.606509,5.0374,-8.425196,-0.045032,0.028511,0.002665,24.874117
5271,1559,-1.56102,5.130774,-8.391677,-0.049296,0.02638,0.00826,24.88294
5281,1535,-1.575385,5.185841,-8.408437,-0.042101,0.016787,0.009593,24.88294
5291,1581,-1.628057,5.178658,-8.50181,-0.027446,0.00373,0.000533,24.874117
5301,1600,-1.704672,5.169082,-8.633492,-0.014922,0.001066,-0.008527,24.874117
5311,1623,-1.80044,5.164293,-8.705317,-0.019985,0.01359,-0.004263,24.888824
5321,1648,-1.733402,5.195418,-8.597578,-0.034107,0.021583,0.016521,24.888824
5331,1670,-1.61848,5.125986,-8.386889,-0.045832,0.023982,0.033041,24.865294
5341,1695,-1.508347,5.003881,-8.255207,-0.047963,0.015455,0.038637,24.885881
5351,1712,-1.434127,4.912902,-8.157045,-0.041035,-0.00826,0.028778,24.894707
5361,1662,-1.479617,4.920084,-8.236053,-0.026113,-0.023982,0.005329,24.891766
5371,1744,-1.577779,5.068525,-8.418014,-0.016254,-0.038904,-0.011458,24.888824
5381,1746,-1.685518,5.145139,-8.585608,-0.011458,-0.03091,-0.021317,24.877058
5391,1727,-1.778892,5.140351,-8.676587,-0.022116,-0.009326,-0.02185,24.874117
5401,1728,-1.795651,5.12838,-8.60955,-0.032775,0.009593,-0.019452,24.877058
5411,1745,-1.786075,5.08289,-8.540117,-0.034374,0.029044,-0.018119,24.897648
5421,1744,-1.764527,5.061342,-8.451532,-0.038104,0.040769,-0.010126,24.891766
5431,1808,-1.683124,5.140351,-8.379706,-0.051161,0.039436,0.00826,24.906471
5441,1777,-1.565808,5.204995,-8.317456,-0.062619,0.03091,0.028245,24.879999
5451,1749,-1.479617,5.272032,-8.303091,-0.057023,0.015721,0.037305,24.879999
5461,1779,-1.45328,5.284003,-8.432379,-0.051427,0.002931,0.041835,24.88294
5471,1707,-1.563414,5.169082,-8.537724,-0.051694,-0.005596,0.036505,24.888824
5481,1765,-1.687912,5.049371,-8.652645,-0.033841,-0.010925,0.016521,24.879999
5491,1795,-1.831564,4.96318,-8.793902,-0.009859,-0.006129,-0.007994,24.877058
5501,1772,-1.877054,4.958392,-8.805874,-0.014389,0.006928,-0.014389,24.900589
5511,1808,-1.80044,4.984728,-8.631097,-0.037838,0.023715,-0.007461,24.877058
5521,1763,-1.637634,5.042189,-8.41083,-0.037571,0.025847,-0.000533,24.877058
5531,1787,-1.527501,5.035006,-8.250419,-0.03091,0.019718,0.002931,24.871176
5541,1794,-1.436521,5.003881,-8.149862,-0.036772,0.00453,0.005063,24.88294
5551,1831,-1.412579,5.049371,-8.145074,-0.045299,-0.014123,0.006662,24.88294
5561,1812,-1.472434,5.142745,-8.219295,-0.036772,-0.03464,0.005862,24.885881
5571,1830,-1.611298,5.135562,-8.477868,-0.015455,-0.047164,0.000799,24.865294
5581,1808,-1.745373,5.090073,-8.702923,-0.011724,-0.045299,0.001332,24.865294
5591,1860,-1.817199,5.097255,-8.896853,-0.011724,-0.032508,0.005329,24.853529
5601,1812,-1.865083,5.044583,-8.889671,-0.016254,-0.001066,0.001599,24.862352
5611,1873,-1.908179,5.020641,-8.832211,-0.030643,0.02638,0.001865,24.868235
5621,1954,-1.850718,5.006276,-8.681376,-0.0429,0.046631,0.006662,24.874117
5631,1984,-1.711854,5.051765,-8.449138,-0.04823,0.050095,0.007461,24.888824
5641,2058,-1.604115,5.17387,-8.281544,-0.0429,0.045299,0.011724,24.88294
5651,2032,-1.522712,5.200206,-8.23366,-0.039703,0.029311,0.024248,24.877058
5661,1899,-1.517924,5.169082,-8.195353,-0.0429,0.013323,0.036772,24.894707
5671,1873,-1.510741,5.149928,-8.24563,-0.038371,-0.00826,0.047963,24.894707
5681,1815,-1.575385,5.05416,-8.307879,-0.021051,-0.023449,0.042368,24.888824
5691,1777,-1.66397,4.953603,-8.437167,-0.009859,-0.031443,0.026913,24.894707
5701,1806,-1.742979,4.953603,-8.597578,-0.00373,-0.031176,0.008527,24.879999
5711,1840,-1.762132,4.951209,-8.66701,-0.001332,-0.025047,-0.00906,24.888824
5721,1831,-1.714248,4.946421,-8.626308,-0.00453,-0.020784,-0.026646,24.906471
5731,1776,-1.704672,5.044583,-8.65025,-0.006129,-0.00826,-0.040502,24.879999
5741,1850,-1.704672,5.157111,-8.583213,-0.014123,0.005862,-0.041302,24.88294
5751,1841,-1.70946,5.262455,-8.475474,-0.023182,0.010126,-0.028245,24.891766
5761,1807,-1.649605,5.386954,-8.391677,-0.020518,0.007194,-0.000799,24.885881
5771,1511,-1.596933,5.348647,-8.339005,-0.020251,-0.001066,0.032775,24.888824
5781,1508,-1.640028,5.226542,-8.401254,-0.03091,-0.006129,0.059421,24.885881
5791,4095,-1.675941,5.078102,-8.403648,-0.03464,-0.006129,0.075942,24.885881
5801,4095,-1.716643,4.908113,-8.492233,-0.037038,0.004263,0.076475,24.894707
5811,4095,-1.704672,4.836287,-8.520964,-0.037571,0.008793,0.059421,24.871176
5821,1663,-1.659182,4.829105,-8.525752,-0.029577,0.00906,0.025314,24.885881
5831,1734,-1.695095,4.862624,-8.597578,-0.019985,0.009859,-0.01279,24.888824
5841,1803,-1.73819,4.929661,-8.683769,-0.016787,0.013323,-0.040769,24.871176
5851,1772,-1.731008,5.061342,-8.640674,-0.023715,0.022649,-0.054092,24.888824
5861,1737,-1.625663,5.257667,-8.508993,-0.027179,0.028511,-0.045565,24.885881
5871,1836,-1.601721,5.317522,-8.365341,-0.036505,0.02558,-0.020784,24.894707
5881,1822,-1.599327,5.243302,-8.243237,-0.044233,0.015455,0.008793,24.912354
5891,1859,-1.640028,5.092467,-8.267179,-0.044499,-0.000533,0.030377,24.909412
5901,1845,-1.692701,5.123591,-8.461109,-0.032508,-0.003464,0.0429,24.90353
5911,1871,-1.752556,5.145139,-8.544906,-0.020784,-0.00373,0.048763,24.894707
5921,1916,-1.750161,5.097255,-8.599973,-0.019985,-0.006662,0.050894,24.888824
5931,1943,-1.719037,4.953603,-8.580819,-0.017054,-0.013856,0.039969,24.877058
5941,1991,-1.671153,4.879383,-8.487445,-0.005329,-0.022383,0.014922,24.888824
5951,1991,-1.54426,4.955997,-8.492233,0.006129,-0.038104,-0.007994,24.90353
5961,1999,-1.517924,4.984728,-8.51857,-0.003464,-0.023982,-0.019185,24.891766
5971,2047,-1.608904,5.020641,-8.542512,-0.034107,-0.001066,-0.012524,24.885881
5981,2082,-1.671153,4.99191,-8.456321,-0.067948,0.022116,0.003997,24.888824
5991,2138,-1.675941,4.951209,-8.391677,-0.081271,0.044233,0.012524,24.879999
6001,2199,-1.632846,4.99191,-8.315063,-0.083403,0.046631,0.010925,24.885881
6011,2304,-1.584962,5.104438,-8.238448,-0.063685,0.033308,0,24.871176
6021,2302,-1.608904,5.21936,-8.339005,-0.030377,0.015988,-0.011724,24.888824
6031,2354,-1.716643,5.245696,-8.523358,-0.022916,0.000799,-0.008793,24.888824
6041,2382,-1.790863,5.233725,-8.635885,-0.023982,-0.010658,-0.001332,24.900589
6051,2407,-1.759738,5.224148,-8.659827,-0.01732,-0.02638,0.007994,24.897648
6061,2301,-1.711854,5.176264,-8.62152,-0.007461,-0.039703,0.017054,24.879999
6071,2138,-1.699883,5.11162,-8.62152,-0.014123,-0.045299,0.028778,24.874117
6081,1975,-1.707066,4.994305,-8.588001,-0.032508,-0.029844,0.036772,24.891766
6091,1808,-1.707066,4.898537,-8.540117,-0.044766,-0.014389,0.033308,24.885881
6101,1727,-1.690306,4.910508,-8.540117,-0.04823,0.002665,0.026913,24.888824
6111,1730,-1.673547,4.955997,-8.51857,-0.039703,0.01359,0.016521,24.90353
6121,1711,-1.620875,5.020641,-8.5473,-0.031709,0.021051,0.007994,24.894707
6131,1687,-1.594538,5.073313,-8.497022,-0.028245,0.023715,0.006395,24.879999
6141,1614,-1.613692,5.063736,-8.458714,-0.029311,0.023715,0.011191,24.874117
6151,1598,-1.570596,5.039794,-8.374918,-0.039703,0.017587,0.01359,24.88294
6161,1619,-1.570596,5.003881,-8.322245,-0.039969,0.00906,0.013323,24.88294
6171,1651,-1.623269,4.972757,-8.372523,-0.031176,-0.003997,0.006129,24.891766
6181,1652,-1.649605,4.955997,-8.434772,-0.022116,-0.020251,-0.000799,24.900589
6191,1715,-1.654393,4.958392,-8.446744,-0.013856,-0.030377,-0.006662,24.90353
6201,1703,-1.690306,5.001487,-8.528147,-0.015988,-0.031975,-0.009326,24.877058
6211,1760,-1.711854,5.061342,-8.580819,-0.022916,-0.027979,-0.005329,24.879999
6221,1744,-1.723825,5.073313,-8.614338,-0.016787,-0.018652,-0.001865,24.888824
6231,1757,-1.742979,5.176264,-8.655039,-0.011191,-0.010392,0.000799,24.877058
6241,1785,-1.716643,5.272032,-8.628703,-0.015188,-0.002398,0.014123,24.885881
6251,1754,-1.66397,5.260061,-8.561666,-0.025314,0.005596,0.023182,24.894707
6261,1773,-1.608904,5.171476,-8.456321,-0.026113,-0.000266,0.024781,24.900589
6271,1751,-1.611298,5.015852,-8.331821,-0.026113,-0.012524,0.020518,24.90353
6281,1757,-1.632846,4.93445,-8.231265,-0.031709,-0.020518,0.01732,24.900589
6291,1822,-1.649605,4.879383,-8.231265,-0.043433,-0.01732,0.022916,24.885881
6301,1798,-1.678335,4.874595,-8.24563,-0.047963,-0.007461,0.028245,24.894707
6311,1786,-1.723825,4.874595,-8.415619,-0.043966,0.006129,0.02638,24.885881
6321,1808,-1.776498,4.932055,-8.568848,-0.039436,0.018652,0.021317,24.909412
6331,1806,-1.778892,5.070919,-8.66701,-0.03917,0.028511,0.019985,24.900589
6341,1803,-1.733402,5.240908,-8.693346,-0.036772,0.025314,0.020251,24.906471
6351,1808,-1.620875,5.267244,-8.611943,-0.039969,0.015988,0.021317,24.900589
6361,1810,-1.563414,5.185841,-8.463503,-0.035972,-0.002398,0.016521,24.891766
6371,1776,-1.572991,5.094861,-8.39886,-0.020784,-0.017853,0.004796,24.888824
6381,1798,-1.668759,5.039794,-8.444349,-0.009859,-0.022383,0.000266,24.877058
6391,1830,-1.735796,4.982334,-8.47308,-0.021051,-0.017853,0.009859,24.897648
6401,1807,-1.790863,4.958392,-8.559271,-0.042101,-0.002665,0.03091,24.894707
6411,1808,-1.793257,4.955997,-8.559271,-0.050361,0.01279,0.043966,24.891766
6421,1826,-1.790863,4.977545,-8.602366,-0.047164,0.025847,0.043167,24.894707
6431,1845,-1.714248,5.039794,-8.623915,-0.045832,0.024781,0.040502,24.906471
6441,1858,-1.666364,5.070919,-8.597578,-0.039436,0.020784,0.029311,24.891766
6451,1879,-1.601721,5.042189,-8.549694,-0.039703,0.015188,0.014123,24.888824
6461,1847,-1.537078,5.015852,-8.425196,-0.041568,0.002931,-0.005063,24.877058
6471,1893,-1.505953,5.032612,-8.303091,-0.03091,-0.01359,-0.026646,24.909412
6481,1856,-1.565808,5.025429,-8.293514,-0.014922,-0.024248,-0.045032,24.894707
6491,1834,-1.671153,5.056554,-8.432379,-0.013323,-0.023715,-0.047164,24.888824
6501,1845,-1.788469,5.114015,-8.5473,-0.014922,-0.013323,-0.039436,24.877058
6511,1917,-1.833959,5.161899,-8.647857,-0.005329,0.000799,-0.025847,24.885881
6521,1973,-1.898602,5.207389,-8.726865,-0.006395,0.014922,-0.005063,24.891766
6531,2069,-1.869871,5.21936,-8.719683,-0.023449,0.026913,0.027446,24.877058
6541,2064,-1.711854,5.164293,-8.580819,-0.044766,0.03464,0.054358,24.874117
6551,2128,-1.558625,5.099649,-8.420407,-0.059155,0.028511,0.06475,24.891766
6561,2030,-1.47004,5.013458,-8.303091,-0.06475,0.014123,0.060221,24.894707
6571,1966,-1.434127,4.979939,-8.293514,-0.046364,-0.011458,0.037571,24.891766
6581,1915,-1.45328,4.93445,-8.394072,-0.013856,-0.029311,0.00453,24.90353
6591,1827,-1.601721,4.93445,-8.544906,-0.00373,-0.033841,-0.017587,24.888824
6601,1827,-1.711854,4.939238,-8.556877,-0.005862,-0.028245,-0.028778,24.885881
6611,1866,-1.78368,4.977545,-8.520964,-0.007194,-0.014655,-0.031176,24.906471
6621,1851,-1.82917,5.044583,-8.53054,-0.024515,0.002398,-0.011191,24.897648
6631,1871,-1.810017,5.035006,-8.552089,-0.049828,0.022383,0.014655,24.891766
6641,1871,-1.788469,5.066131,-8.48984,-0.06555,0.035706,0.033308,24.888824
6651,1931,-1.766921,5.044583,-8.511387,-0.063152,0.039436,0.038637,24.900589
6661,1935,-1.721431,5.080496,-8.576031,-0.054625,0.033841,0.031975,24.891766
6671,1711,-1.68073,5.181053,-8.590396,-0.0437,0.023982,0.026646,24.888824
6681,1332,-1.647211,5.197812,-8.588001,-0.035972,0.016787,0.027979,24.894707
6691,3836,-1.613692,5.125986,-8.511387,-0.032775,0.01279,0.024515,24.888824
6701,4095,-1.661576,5.027823,-8.413225,-0.030377,0.002398,0.020784,24.88294
6711,4095,-1.606509,4.865018,-8.322245,-0.029311,-0.013323,0.014922,24.90353
6721,2121,-1.570596,4.838682,-8.267179,-0.029311,-0.029577,0.00906,24.897648
6731,1697,-1.584962,4.953603,-8.317456,-0.023449,-0.025314,0.006662,24.897648
6741,1868,-1.642422,5.058948,-8.432379,-0.018119,-0.013323,0.014655,24.894707
6751,1889,-1.692701,5.075707,-8.585608,-0.017853,-0.00373,0.019985,24.90353
6761,1813,-1.685518,5.032612,-8.65025,-0.013856,0.010392,0.015988,24.894707
6771,1796,-1.716643,4.970363,-8.633492,-0.018386,0.020518,0.003997,24.879999
6781,1826,-1.685518,4.979939,-8.571242,-0.019718,0.023182,-0.013323,24.906471
6791,1905,-1.70946,5.073313,-8.53054,-0.003198,0.021051,-0.029044,24.900589
6801,1888,-1.740585,5.221754,-8.568848,0.002931,0.01359,-0.025047,24.900589
6811,1873,-1.673547,5.276821,-8.525752,-0.009593,-0.000533,0,24.90353
6821,1936,-1.592144,5.24809,-8.451532,-0.025847,-0.018919,0.026646,24.877058
6831,2002,-1.584962,5.214571,-8.415619,-0.028245,-0.033574,0.05196,24.88294
6841,2010,-1.568202,5.137957,-8.384495,-0.024515,-0.041302,0.070613,24.915295
6851,2003,-1.623269,4.958392,-8.432379,-0.012524,-0.035972,0.074077,24.909412
6861,2022,-1.699883,4.747702,-8.492233,-0.016787,-0.024515,0.06555,24.888824
6871,2055,-1.673547,4.680665,-8.480263,-0.026646,-0.004796,0.044233,24.879999
6881,2059,-1.644817,4.726154,-8.413225,-0.03464,0.010392,0.016254,24.894707
6891,2171,-1.659182,4.819528,-8.437167,-0.038904,0.018919,-0.010126,24.891766
6901,2209,-1.75495,4.939238,-8.487445,-0.053292,0.027712,-0.022649,24.918236
6911,2288,-1.771709,5.08289,-8.516175,-0.059155,0.035972,-0.023715,24.897648
6921,2321,-1.740585,5.212177,-8.508993,-0.054625,0.035173,-0.016521,24.900589
6931,2386,-1.683124,5.245696,-8.456321,-0.043433,0.014655,-0.005063,24.894707
6941,2427,-1.640028,5.221754,-8.42759,-0.03011,-0.010126,0.006928,24.897648
6951,2378,-1.66397,5.2026,-8.47308,-0.015188,-0.034107,0.022649,24.918236
6961,2352,-1.685518,5.106832,-8.544906,-0.005063,-0.046098,0.035173,24.909412
6971,2230,-1.757344,4.944026,-8.683769,-0.011724,-0.037571,0.042634,24.885881
6981,2064,-1.740585,4.81474,-8.695741,-0.01732,-0.024781,0.041835,24.894707
6991,1900,-1.750161,4.776433,-8.674192,-0.020518,-0.002665,0.032775,24.900589
7001,1844,-1.778892,4.79798,-8.726865,-0.034374,0.022383,0.025047,24.915295
7011,1751,-1.745373,4.865018,-8.664616,-0.046098,0.041035,0.014922,24.90353
7021,1693,-1.63524,4.939238,-8.5473,-0.044233,0.047963,-0.000266,24.894707
7031,1745,-1.553837,4.972757,-8.439561,-0.049296,0.038371,-0.014123,24.88294
7041,1744,-1.467646,5.003881,-8.291121,-0.055957,0.009593,-0.024515,24.897648
7051,1648,-1.460463,5.116409,-8.195353,-0.038104,-0.020518,-0.033308,24.900589
7061,1680,-1.584962,5.193024,-8.329428,-0.00826,-0.039436,-0.032508,24.897648
7071,1685,-1.759738,5.181053,-8.590396,0.004796,-0.038371,-0.014922,24.897648
7081,1677,-1.941698,5.087678,-8.791509,-0.00906,-0.014389,0.017054,24.88294
7091,1702,-1.915361,5.018247,-8.793902,-0.027446,0.015188,0.041035,24.900589
7101,1707,-1.766921,4.951209,-8.635885,-0.031176,0.033841,0.042368,24.909412
7111,1787,-1.647211,4.93445,-8.537724,-0.030377,0.026913,0.027446,24.900589
7121,1787,-1.575385,4.912902,-8.401254,-0.027446,0.015188,-0.001599,24.900589
7131,1776,-1.546654,5.035006,-8.341399,-0.02558,-0.001332,-0.019985,24.897648
7141,1798,-1.577779,5.17387,-8.35337,-0.022916,-0.011724,-0.021583,24.888824
7151,1771,-1.656788,5.207389,-8.377312,-0.026913,-0.015455,-0.008527,24.906471
7161,1776,-1.704672,5.159505,-8.48984,-0.036505,-0.015721,0.013057,24.888824
7171,1783,-1.764527,5.039794,-8.480263,-0.039703,-0.011991,0.023449,24.894707
7181,1787,-1.778892,5.039794,-8.485051,-0.027712,-0.005862,0.025314,24.885881
7191,1795,-1.766921,5.070919,-8.537724,-0.015455,-0.001066,0.026646,24.891766
7201,1819,-1.78368,5.068525,-8.602366,-0.023449,0.014123,0.034907,24.894707
7211,1757,-1.707066,4.99191,-8.616732,-0.041835,0.025047,0.041302,24.894707
7221,1792,-1.644817,4.865018,-8.523358,-0.057822,0.032775,0.03544,24.900589
7231,1805,-1.628057,4.841076,-8.413225,-0.061286,0.033041,0.015988,24.909412
7241,1778,-1.613692,4.850653,-8.329428,-0.055158,0.013323,-0.004796,24.894707
7251,1780,-1.630451,4.927267,-8.307879,-0.038104,-0.015455,-0.023982,24.912354
7261,1759,-1.678335,5.051765,-8.408437,-0.023982,-0.038637,-0.028245,24.912354
7271,1815,-1.726219,5.140351,-8.51857,-0.024781,-0.052493,-0.01279,24.918236
7281,1781,-1.728614,5.118803,-8.552089,-0.029044,-0.054092,0.004796,24.906471
7291,1780,-1.747767,5.027823,-8.583213,-0.024515,-0.046098,0.015988,24.90353
7301,1831,-1.750161,4.88896,-8.554482,-0.019185,-0.042368,0.018386,24.894707
7311,1823,-1.762132,4.79798,-8.578424,-0.017587,-0.023449,0.011991,24.897648
7321,1837,-1.745373,4.833893,-8.554482,-0.027712,-0.002665,0.012524,24.915295
7331,1827,-1.716643,4.874595,-8.532935,-0.042634,0.015988,0.015188,24.906471
7341,1796,-1.73819,4.979939,-8.599973,-0.058622,0.035173,0.014922,24.912354
7351,1819,-1.692701,5.025429,-8.585608,-0.067149,0.043433,0.012257,24.897648
7361,1818,-1.70946,5.078102,-8.559271,-0.069813,0.039436,0.010126,24.90353
7371,1831,-1.716643,5.109226,-8.475474,-0.061286,0.027712,0.00906,24.900589
7381,1840,-1.687912,5.099649,-8.477868,-0.049562,0.013856,0.002398,24.909412
7391,1889,-1.752556,5.051765,-8.573636,-0.032508,0.004796,-0.005862,24.897648
7401,1874,-1.786075,5.05416,-8.695741,-0.020518,-0.001599,-0.010658,24.891766
7411,1890,-1.793257,5.145139,-8.702923,-0.011191,-0.004263,-0.008793,24.900589
7421,1936,-1.769315,5.226542,-8.702923,-0.004796,-0.002665,0.010126,24.897648
7431,1999,-1.659182,5.221754,-8.599973,-0.014389,-0.005596,0.035173,24.897648
7441,2031,-1.594538,5.11162,-8.513782,-0.018919,-0.008527,0.053559,24.888824
7451,2046,-1.582567,4.951209,-8.434772,-0.017853,-0.014123,0.054625,24.88294
7461,1983,-1.630451,4.848258,-8.441956,-0.009326,-0.020784,0.038104,24.88294
7471,1933,-1.764527,4.750096,-8.552089,-0.005862,-0.009859,0.014922,24.88294
7481,1926,-1.82917,4.783615,-8.611943,-0.00826,0.00906,-0.002132,24.88294
7491,1856,-1.82917,4.848258,-8.633492,-0.023449,0.024515,-0.003997,24.894707
7501,1839,-1.731008,4.884171,-8.451532,-0.037838,0.039436,-0.00453,24.906471
7511,1803,-1.601721,4.91769,-8.274361,-0.044766,0.034907,-0.001599,24.90353
7521,1833,-1.501164,4.965574,-8.154651,-0.048763,0.010126,0.002398,24.900589
7531,1831,-1.537078,5.011064,-8.231265,-0.037305,-0.010658,-0.003198,24.891766
7541,1818,-1.704672,5.039794,-8.492233,-0.026646,-0.014655,-0.001066,24.885881
7551,1866,-1.831564,5.149928,-8.729259,-0.02558,-0.000533,0.01359,24.888824
7561,1862,-1.802834,5.221754,-8.846576,-0.025047,0.015988,0.030643,24.888824
7571,1790,-1.771709,5.152322,-8.801085,-0.027179,0.033041,0.037305,24.909412
7581,1339,-1.719037,5.05416,-8.681376,-0.03011,0.036505,0.03091,24.900589
7591,2889,-1.721431,4.958392,-8.578424,-0.020518,0.029044,0.014389,24.897648
7601,4095,-1.731008,4.891354,-8.525752,-0.007194,0.018919,-0.004263,24.915295
7611,4095,-1.716643,4.912902,-8.535329,-0.002931,0.013323,-0.012524,24.894707
7621,2465,-1.656788,5.039794,-8.451532,-0.003997,0.00826,-0.00826,24.888824
7631,1515,-1.616086,5.102044,-8.408437,-0.006928,0.001599,0.003198,24.885881
7641,1785,-1.582567,5.018247,-8.39886,-0.019452,-0.006928,0.014655,24.90353
7651,1778,-1.541866,4.929661,-8.358158,-0.022649,-0.014123,0.014123,24.900589
7661,1814,-1.56102,4.936844,-8.429984,-0.016254,-0.019985,0.009593,24.900589
7671,1806,-1.620875,4.975151,-8.47308,-0.015188,-0.015455,0.00906,24.900589
7681,1808,-1.651999,4.96318,-8.540117,-0.026113,-0.001066,0.018386,24.912354
7691,1904,-1.678335,4.900931,-8.559271,-0.047164,0.015988,0.027179,24.909412
7701,1892,-1.702277,4.946421,-8.523358,-0.053559,0.026113,0.031443,24.900589
7711,1791,-1.723825,5.025429,-8.616732,-0.051427,0.037838,0.033841,24.894707
7721,1876,-1.742979,5.085284,-8.62152,-0.047164,0.040769,0.034374,24.891766
7731,1968,-1.764527,5.090073,-8.686164,-0.035972,0.037838,0.037305,24.906471
7741,1955,-1.774103,5.046977,-8.659827,-0.033308,0.038371,0.042101,24.906471
7751,1981,-1.673547,4.932055,-8.542512,-0.040236,0.038371,0.050628,24.915295
7761,2012,-1.58975,4.795586,-8.408437,-0.053026,0.03011,0.057289,24.900589
7771,2002,-1.51553,4.759673,-8.226477,-0.062086,0.018652,0.060221,24.900589
7781,2057,-1.443704,4.692636,-8.061277,-0.071145,0.003464,0.059954,24.909412
7791,2128,-1.460463,4.639963,-8.101978,-0.083136,-0.003464,0.055158,24.897648
7801,2136,-1.539472,4.647145,-8.130709,-0.085002,-0.002132,0.048763,24.879999
7811,2179,-1.606509,4.675876,-8.264784,-0.073277,0.013057,0.031443,24.897648
7821,2196,-1.735796,4.795586,-8.453926,-0.075675,0.03011,0.031709,24.897648
7831,2286,-1.833959,4.869806,-8.616732,-0.099124,0.052227,0.046098,24.897648
7841,2307,-1.802834,4.908113,-8.537724,-0.114046,0.071945,0.059688,24.906471
7851,2350,-1.699883,4.874595,-8.451532,-0.131366,0.077541,0.067415,24.906471
7861,2369,-1.608904,4.91769,-8.315063,-0.131366,0.070879,0.073544,24.894707
7871,2258,-1.575385,4.714183,-8.195353,-0.128435,0.053559,0.075142,24.906471
7881,2126,-1.563414,4.575319,-8.271967,-0.146288,0.040502,0.070879,24.900589
7891,1810,-1.54426,4.69503,-8.274361,-0.161476,0.040502,0.076741,24.885881
7901,1775,-1.510741,4.876989,-8.240842,-0.165207,0.032508,0.081538,24.897648
7911,1681,-1.572991,5.020641,-8.384495,-0.13936,0.03464,0.076208,24.891766
7921,1635,-1.568202,5.104438,-8.631097,-0.111381,0.032242,0.067415,24.897648
7931,1644,-1.58975,5.29358,-8.959103,-0.097792,0.02638,0.036505,24.900589
7941,1616,-1.671153,5.62398,-9.323022,-0.089798,0.025047,0.007994,24.897648
7951,1626,-1.699883,5.968745,-9.710882,-0.091663,0.025847,-0.018386,24.921177
7961,1605,-1.790863,6.473921,-10.058042,-0.068747,0.022916,-0.046364,24.912354
7971,1633,-1.898602,6.962338,-10.524911,-0.018919,0.022383,-0.070879,24.900589
7981,1664,-2.03986,7.515399,-11.034876,0.035173,0.017853,-0.084735,24.900589
7991,1683,-2.240973,7.843405,-11.489774,0.077541,0.038904,-0.063951,24.888824
8001,1682,-2.394202,7.819463,-11.614272,0.107118,0.091397,-0.008527,24.906471
8011,1719,-2.346318,7.438785,-11.480197,0.146288,0.148686,0.036772,24.897648
8021,1730,-2.193089,6.945579,-10.984597,0.199847,0.171602,0.03544,24.897648
8031,1761,-1.977611,6.445191,-10.287885,0.287513,0.149219,-0.006395,24.897648
8041,1778,-1.661576,5.985504,-9.358934,0.410885,0.085268,-0.072478,24.900589
8051,1751,-1.42455,5.485116,-8.554482,0.547314,-0.002398,-0.146554,24.894707
8061,1792,-1.223437,4.996699,-7.788338,0.637645,-0.089798,-0.189988,24.891766
8071,1818,-0.993594,4.582502,-7.046135,0.653632,-0.166006,-0.188122,24.877058
8081,1808,-0.881066,3.969586,-6.47871,0.680545,-0.229957,-0.16121,24.888824
8091,1808,-1.00317,3.25372,-6.121974,0.656564,-0.275256,-0.14762,24.897648
8101,1775,-1.091756,2.396596,-5.588067,0.583286,-0.292576,-0.115911,24.885881
8111,1794,-1.180341,1.522712,-5.039794,0.489758,-0.276055,-0.075942,24.90353
8121,1804,-1.256956,1.012747,-4.687847,0.381308,-0.227292,-0.034107,24.906471
8131,1873,-1.429338,0.761356,-4.491522,0.263265,-0.127636,0.041302,24.918236
8141,1810,-1.503559,0.497994,-4.216189,0.082337,-0.01279,0.164141,24.909412
8151,1683,-1.577779,0.23942,-4.055778,-0.148953,0.12657,0.301902,24.906471
8161,1695,-1.522712,-0.067038,-3.756502,-0.409286,0.243014,0.431136,24.912354
8171,1793,-1.355118,-0.227449,-3.600879,-0.667489,0.328815,0.513207,24.894707
8181,1751,-1.082179,0.081403,-4.027047,-0.891051,0.402358,0.527862,24.918236
8191,1807,-0.387861,0.869095,-4.458004,-1.086101,0.410619,0.445525,24.921177
8201,1872,0.603339,2.458845,-5.422867,-1.240383,0.299504,0.206775,24.918236
8211,1780,1.417367,5.451597,-6.768408,-1.176165,0.029311,-0.199847,24.906471
8221,1718,1.326388,9.078813,-9.167398,-0.814043,-0.382907,-0.688806,24.921177
8231,1776,-0.040701,12.603078,-12.579136,-0.272858,-0.828965,-1.107684,24.906471
8241,1742,-2.664747,15.31092,-16.814478,0.307764,-1.115412,-1.262499,24.900589
8251,1712,-5.336676,16.036364,-20.214245,0.761816,-1.153516,-1.12687,24.912354
8261,1755,-7.151481,15.047558,-21.595699,0.900643,-0.95207,-0.755954,24.891766
8271,1824,-7.910442,12.756307,-21.116859,0.93475,-0.592613,-0.334677,24.897648
8281,1838,-7.575254,10.484209,-19.627666,0.848417,-0.128701,0.057556,24.900589
8291,1979,-6.189012,8.568848,-16.464926,0.689072,0.381574,0.40076,24.906471
8301,1961,-4.283227,6.327875,-12.832921,0.600873,0.761283,0.599807,24.900589
8311,2076,-2.434903,4.510676,-9.246407,0.535856,0.946475,0.672818,24.918236
8321,1956,-0.849942,2.750938,-6.100426,0.487626,0.940613,0.69227,24.906471
8331,1933,0.344765,0.962469,-2.961627,0.442061,0.779136,0.636312,24.900589
8341,1955,1.055843,-1.007959,-0.502782,0.437798,0.513207,0.476435,24.900589
8351,1874,1.115698,-2.930503,1.055843,0.438064,0.233155,0.245412,24.900589
8361,1790,0.6608,-3.979163,1.893813,0.350398,-0.10472,-0.028778,24.93
8371,1886,-0.069432,-4.278439,1.458069,0.299504,-0.316824,-0.23049,24.909412
8381,1854,-0.912191,-4.089296,0.483629,0.135096,-0.366386,-0.301103,24.90353
8391,1909,-1.702277,-3.572149,-0.663194,-0.172934,-0.234753,-0.175332,24.909412
8401,1856,-1.984793,-3.08852,-1.414973,-0.666956,0.023982,0.087133,24.918236
8411,1911,-1.637634,-2.650381,-1.99437,-1.218,0.297106,0.356793,24.921177
8421,2000,-0.47884,-1.323994,-2.509123,-1.711222,0.484162,0.455118,24.912354
8431,1605,0.864307,1.431733,-3.53863,-1.919063,0.435666,0.266729,24.897648
8441,1484,1.654393,5.3678,-6.138733,-1.75359,0.126836,-0.192386,24.891766
8451,4095,1.45328,10.807426,-9.876082,-1.272092,-0.355727,-0.774606,24.90353
8461,4095,-0.459687,16.00045,-14.798561,-0.453253,-0.815908,-1.210539,24.894707
8471,4095,-3.450045,19.668367,-20.463242,0.242481,-1.186824,-1.310196,24.888824
8481,1446,-6.375759,20.628443,-24.487894,0.555041,-1.229458,-0.982447,24.891766
8491,1780,-8.121132,18.739416,-26.130318,0.688806,-0.888386,-0.47377,24.927059
8501,1939,-8.908825,15.488091,-24.966736,0.791127,-0.278187,0.004796,24.906471
8511,1885,-8.520964,12.124237,-22.364239,0.786864,0.354395,0.395963,24.906471
8521,1831,-6.528988,9.409213,-18.073828,0.694934,0.914233,0.742364,24.909412
8531,1843,-3.775656,6.517017,-13.235147,0.579822,1.265164,0.927289,24.897648
8541,1829,-1.285686,4.527435,-7.929596,0.465243,1.33551,0.999234,24.885881
8551,1939,0.600945,2.959233,-3.766079,0.495354,1.14419,0.96566,24.891766
8561,1951,1.70946,1.316811,-0.586579,0.649369,0.716784,0.810579,24.891766
8571,2000,1.90339,-0.457293,1.134852,0.839623,0.208374,0.572628,24.90353
8581,1996,1.319205,-2.051831,1.228225,0.877727,-0.188122,0.325084,24.897648
8591,2010,0.557849,-3.25372,1.295263,0.730374,-0.500949,0.120441,24.891766
8601,2142,-0.158017,-3.983952,0.658405,0.60034,-0.646971,-0.059954,24.906471
8611,2127,-0.94571,-4.371812,0.208296,0.336809,-0.640043,-0.162276,24.888824
8621,2107,-1.412579,-4.663905,0.174777,0.018652,-0.55211,-0.180662,24.888824
8631,2128,-1.42455,-4.833893,0.217872,-0.328815,-0.411685,-0.148686,24.891766
8641,2128,-1.42455,-4.280833,-0.237026,-0.692802,-0.241681,-0.097259,24.906471
8651,2226,-0.962469,-2.882619,-1.024718,-1.05759,-0.046897,-0.028511,24.888824
8661,2404,-0.399832,-0.627281,-2.561796,-1.35656,0.139093,0.045565,24.90353
8671,2371,0.213084,2.616863,-4.668694,-1.582254,0.211838,0.042368,24.894707
8681,2389,0.943315,6.713342,-7.398083,-1.639277,0.128435,-0.118043,24.906471
8691,2327,0.610521,11.836933,-11.360487,-1.377611,-0.128968,-0.426074,24.924118
8701,2354,-1.280898,16.373945,-16.488867,-0.864937,-0.471106,-0.741299,24.912354
8711,2437,-3.818752,18.964472,-21.071369,-0.282717,-0.835893,-0.899844,24.915295
8721,2391,-6.696582,19.450495,-24.698586,0.120175,-0.971522,-0.810312,24.897648
8731,2307,-8.801085,17.719486,-26.013002,0.584885,-0.805782,-0.618459,24.900589
8741,2177,-9.744401,15.301343,-25.294741,0.899044,-0.390634,-0.340006,24.897648
8751,2096,-9.16261,12.528857,-23.101652,0.993639,0.173201,-0.00826,24.894707
8761,1851,-6.98628,10.081984,-18.665197,0.879593,0.752224,0.355194,24.888824
8771,1678,-4.055778,7.388506,-13.668497,0.689871,1.137262,0.621391,24.877058
8781,1746,-1.261744,4.618415,-7.826645,0.495354,1.199081,0.740233,24.879999
8791,1744,0.751779,2.439692,-2.806004,0.503348,0.977917,0.703194,24.888824
8801,1751,1.821988,0.787692,0.610521,0.653899,0.554508,0.542518,24.874117
8811,1793,1.838747,-0.967257,1.90339,0.90091,-0.019452,0.305632,24.888824
8821,1786,1.012747,-2.513912,2.181118,0.803384,-0.348,0.075942,24.888824
8831,1761,0.356736,-3.541024,1.893813,0.708257,-0.608334,-0.094861,24.891766
8841,1759,-0.3304,-4.074931,1.194707,0.515871,-0.667755,-0.200113,24.888824
8851,1794,-0.979228,-4.055778,0.543484,0.221697,-0.594478,-0.209706,24.897648
8861,1791,-1.290475,-3.928885,0.509965,-0.111914,-0.428738,-0.101789,24.888824
8871,1747,-1.328782,-4.182671,0.462081,-0.484162,-0.214236,0.057556,24.900589
8881,1791,-1.285686,-3.804387,-0.217872,-0.899844,0.005596,0.190254,24.888824
8891,1847,-0.658405,-2.401384,-0.94571,-1.316591,0.175332,0.259534,24.897648
8901,1856,0.134075,-0.057461,-2.245761,-1.54868,0.265663,0.215302,24.894707
8911,1861,0.770933,3.277662,-4.819528,-1.556674,0.224361,0.032242,24.894707
8921,1767,0.778116,7.718906,-8.707711,-1.458882,0.087933,-0.233688,24.90353
8931,1757,-0.347159,13.378799,-13.800179,-1.190021,-0.070346,-0.485228,24.909412
8941,1744,-2.628834,17.899052,-19.189528,-0.814842,-0.245945,-0.555308,24.906471
8951,1822,-5.056554,20.123266,-23.934834,-0.487093,-0.359724,-0.4346,24.912354
8961,1939,-6.969521,19.768923,-26.24045,-0.20944,-0.27792,-0.243547,24.894707
8971,2096,-8.257602,17.602171,-26.144682,0.262199,-0.080205,-0.102322,24.891766
8981,2073,-8.746018,14.379576,-24.499866,0.677881,0.201179,0.021583,24.897648
8991,1910,-7.845799,11.257536,-21.428104,0.877727,0.537988,0.219299,24.885881
9001,1638,-5.767632,8.731653,-17.228676,0.861207,0.875596,0.4346,24.894707
9011,1699,-2.882619,5.978322,-11.954249,0.70053,1.066116,0.59208,24.921177
9021,1749,-0.217872,3.684676,-6.354211,0.673884,0.923026,0.585951,24.906471
9031,1733,1.467646,1.549049,-1.482011,0.6523,0.523865,0.527329,24.897648
9041,1694,2.372654,-0.043096,1.793257,0.702662,0.018652,0.406888,24.891766
9051,1790,2.070984,-1.486799,2.166753,0.898245,-0.455384,0.188389,24.891766
9061,1891,1.096544,-2.978387,1.757344,0.899044,-0.745562,-0.010658,24.909412
9071,1921,0.07422,-3.82354,1.180341,0.668554,-0.901443,-0.152417,24.897648
9081,1918,-0.691924,-4.510676,0.378284,0.461513,-0.858276,-0.23502,24.909412
9091,1795,-1.163582,-4.726154,0.363919,0.132965,-0.682677,-0.247277,24.900589
9101,1808,-1.434127,-4.898537,0.277727,-0.269127,-0.425274,-0.151351,24.894707
9111,1905,-1.273715,-4.860229,0.42138,-0.738101,-0.148153,-0.009593,24.894707
9121,2029,-0.881066,-3.857059,-0.203507,-1.17057,0.074343,0.081005,24.888824
9131,2032,-0.217872,-1.484405,-1.462857,-1.518037,0.202511,0.094861,24.897648
9141,2128,0.277727,1.357512,-3.141193,-1.717351,0.235286,0.040236,24.897648
9151,1970,0.639252,4.754885,-5.702989,-1.725345,0.134031,-0.142824,24.897648
9161,1645,0.100556,9.44752,-9.878476,-1.489792,0.032242,-0.403158,24.909412
9171,1613,-1.285686,15.418659,-15.124172,-1.119675,-0.173467,-0.612331,24.885881
9181,1687,-3.49314,18.839973,-19.989189,-0.636579,-0.446325,-0.714119,24.894707
9191,1694,-5.95438,20.420147,-23.9492,-0.194784,-0.612064,-0.731972,24.894707
9201,1890,-8.221688,19.158401,-25.819071,0.220631,-0.562502,-0.596343,24.885881
9211,2165,-9.519346,16.567875,-25.452759,0.69973,-0.343737,-0.437798,24.891766
9221,2109,-9.624691,14.166492,-24.056938,1.05226,0.010658,-0.184658,24.897648
9231,1775,-8.003817,11.511322,-20.506338,1.130867,0.512674,0.176931,24.891766
9241,1794,-5.125986,8.599973,-15.562311,0.925424,0.980049,0.490291,24.871176
9251,1867,-2.152387,6.490681,-10.139444,0.737835,1.132732,0.717051,24.874117
9261,1387,0.162806,4.630386,-5.3678,0.719982,1.016288,0.795124,24.88294
9271,2598,1.417367,2.310405,-1.592144,0.797522,0.713853,0.707458,24.897648
9281,4095,1.632846,0.636858,0.332794,0.929688,0.341605,0.558239,24.900589
9291,4095,1.154005,-1.012747,0.708684,0.907038,0.048763,0.440729,24.909412
9301,2603,0.586579,-2.614468,1.194707,0.767145,-0.135363,0.335476,24.897648
9311,1597,0.191536,-3.617639,1.438915,0.492156,-0.239017,0.223828,24.894707
9321,1824,-0.23942,-4.584896,1.328782,0.370916,-0.241415,0.120974,24.918236
9331,1799,-0.948104,-4.891354,0.94571,0.115112,-0.151084,0.06475,24.924118
9341,1773,-1.142034,-4.809951,1.024718,-0.254738,-0.001865,0.141225,24.90353
9351,1807,-1.010353,-4.580108,1.228225,-0.627786,0.155348,0.245412,24.897648
9361,1856,-0.792481,-3.933673,0.792481,-0.995504,0.286714,0.31709,24.88294
9371,1744,-0.162806,-2.631228,0.100556,-1.326717,0.344802,0.320288,24.90353
9381,1744,0.656011,-0.684742,-1.400608,-1.552144,0.334677,0.219832,24.891766
9391,1799,1.460463,1.980005,-4.031836,-1.698165,0.190521,-0.060487,24.894707
9401,1715,2.0231,6.706159,-7.220912,-1.641142,-0.121773,-0.503348,24.894707
9411,1825,0.943315,13.067553,-12.236765,-1.285948,-0.492689,-0.936349,24.885881
9421,1947,-2.118869,19.129671,-19.232622,-0.726643,-0.895314,-1.149519,24.900589
9431,1126,-6.258443,22.074539,-25.969906,-0.387436,-1.101023,-1.018686,24.894707
9441,2092,-8.784326,20.796036,-27.569233,-0.201712,-0.989642,-0.681345,24.88294
9451,1983,-9.801862,17.094601,-25.170242,0.402358,-0.906239,-0.595277,24.900589
9461,1958,-9.435549,14.659697,-23.762451,1.159112,-0.689072,-0.580089,24.906471
9471,1968,-9.181764,12.157756,-21.794418,1.494055,-0.162009,-0.294974,24.900589
9481,1968,-7.101202,8.719683,-17.896658,1.390934,0.3909,0.090064,24.879999
9491,1968,-4.635174,6.751649,-13.575124,1.019485,0.806049,0.403424,24.88294
9501,1967,-1.807622,4.91769,-8.817844,0.690404,0.928089,0.596077,24.888824
9511,1968,0.342371,3.277662,-3.86903,0.714386,0.831363,0.620858,24.90353
9521,1968,1.177947,1.884237,-1.11091,0.864138,0.527329,0.532658,24.900589
9531,1968,1.146823,0.275333,0.076614,0.958732,0.168671,0.422077,24.90353
9541,1968,0.612916,-1.323994,0.505177,0.908104,-0.06102,0.323485,24.885881
9551,1967,0.124498,-2.595315,0.634463,0.710655,-0.150285,0.229957,24.888824
9561,1968,-0.169988,-3.320758,0.88346,0.469773,-0.207041,0.13483,24.877058
9571,1966,-0.430956,-4.041412,1.256956,0.262998,-0.201712,0.066083,24.897648
9581,1968,-0.703895,-4.606444,1.276109,0.015988,-0.15215,0.039436,24.897648
9591,1968,-0.845153,-4.661511,0.938527,-0.307764,-0.043433,0.074077,24.900589
9601,1929,-0.70629,-4.247314,0.318429,-0.680012,0.062352,0.114579,24.894707
9611,1806,-0.141258,-3.375824,-0.191536,-1.012291,0.094061,0.065017,24.900589
9621,1721,0.545878,-1.75495,-1.556231,-1.267029,0.044499,-0.11298,24.90353
9631,1685,0.979228,0.967257,-3.720589,-1.455951,-0.114312,-0.393299,24.906471
9641,1520,1.024718,4.398149,-6.347029,-1.423975,-0.364787,-0.741832,24.909412
9651,1621,0.102951,8.42759,-9.691729,-1.122074,-0.62219,-1.078107,24.915295
9661,1750,-2.44448,13.290214,-14.767436,-0.742631,-0.780469,-1.18709,24.90353
9671,2285,-5.887342,17.154455,-21.143196,-0.64404,-0.759152,-0.871066,24.906471
9681,2194,-8.310274,18.464083,-24.631548,-0.834294,-0.485228,-0.312827,24.897648
9691,1974,-8.279149,17.015591,-23.73851,-0.686407,-0.088466,0.102855,24.894707
9701,2062,-7.544129,14.528016,-21.370644,-0.067681,0.195583,0.14762,24.900589
9711,2007,-7.175423,12.653356,-19.800049,0.654165,0.402092,0.09113,24.906471
9721,2025,-6.701371,11.008539,-18.619707,0.999767,0.66509,0.212104,24.897648
9731,2165,-5.137957,8.789114,-15.713146,0.885721,0.960331,0.454319,24.90353
9741,2203,-2.846706,6.768408,-11.494562,0.615795,1.09676,0.679213,24.88294
9751,1991,-0.888249,4.323928,-7.412448,0.438331,1.028012,0.773541,24.885881
9761,1964,0.670376,2.523489,-3.210624,0.452986,0.76528,0.710655,24.897648
9771,1841,1.132457,1.244985,-1.015141,0.580888,0.404224,0.576625,24.897648
9781,1745,0.847547,-0.071826,-0.411803,0.613663,0.080205,0.429804,24.897648
9791,1815,0.270545,-1.130063,-0.260968,0.515072,-0.14389,0.314426,24.891766
9801,1840,-0.248997,-2.166753,-0.593762,0.432735,-0.227026,0.218766,24.906471
9811,1847,-0.730232,-2.755726,-0.80924,0.18226,-0.195317,0.150818,24.918236
9821,1833,-0.972046,-2.834735,-0.802058,-0.051161,-0.119109,0.130567,24.894707
9831,1792,-0.830788,-2.748544,-0.694318,-0.285381,-0.078873,0.09939,24.909412
9841,1744,-0.378284,-2.181118,-1.024718,-0.511342,-0.093528,-0.001865,24.894707
9851,1683,0.136469,-0.902614,-2.123657,-0.695734,-0.196116,-0.188655,24.897648
9861,1618,0.452504,0.993594,-3.720589,-0.850282,-0.393032,-0.444992,24.885881
9871,1564,0.373495,3.634398,-5.815516,-0.879859,-0.647504,-0.7389,24.900589
9881,1492,-0.445322,6.512228,-8.441956,-0.746361,-0.928622,-0.985112,24.894707
9891,1497,-2.109292,9.842564,-12.023681,-0.448989,-1.059721,-1.051194,24.888824
9901,1584,-4.51307,12.322956,-16.132132,-0.203577,-0.971522,-0.866802,24.888824
9911,1899,-6.46195,13.453019,-19.144037,-0.240616,-0.695201,-0.459381,24.900589
9921,2156,-7.28795,12.643779,-19.649214,-0.330147,-0.29604,-0.007461,24.900589
9931,2214,-6.950367,10.94629,-18.425776,-0.220364,0.102322,0.273657,24.894707
9941,2230,-6.071695,9.217676,-16.639702,0.00453,0.386637,0.369317,24.885881
9951,2194,-5.137957,7.953538,-14.81532,0.233688,0.588882,0.365054,24.885881
9961,1906,-3.849876,7.029376,-12.720393,0.322953,0.679479,0.389835,24.885881
9971,1885,-2.346318,5.755661,-10.144233,0.294175,0.649103,0.403691,24.888824
9981,1981,-1.055843,4.367024,-7.606379,0.293908,0.472971,0.360257,24.888824
9991,1741,-0.366313,3.457227,-5.683835,0.344802,0.205976,0.248876,24.897648
10001,1744,-0.117316,2.942474,-4.67827,0.438064,-0.055158,0.127636,24.888824
10011,1719,-0.308852,2.58095,-4.594473,0.494554,-0.234487,0.051161,24.891766
10021,1681,-0.782904,2.39899,-5.027823,0.488426,-0.323219,0.017587,24.888824
10031,1677,-1.201889,2.312799,-5.523423,0.438064,-0.328815,0.028778,24.885881
10041,1680,-1.51553,2.145205,-5.882554,0.35626,-0.275522,0.065017,24.891766
10051,1711,-1.733402,1.963245,-6.200983,0.236352,-0.179862,0.119109,24.900589
10061,1645,-1.805228,1.963245,-6.524199,0.085002,-0.067415,0.175599,24.897648
10071,1187,-1.855506,2.049437,-6.677429,-0.066083,0.0429,0.209972,24.885881
10081,2286,-1.826776,2.274492,-6.782773,-0.171069,0.096459,0.197982,24.909412
10091,4095,-1.73819,2.451663,-7.026982,-0.230757,0.106585,0.138028,24.900589
10101,4095,-1.604115,2.932897,-7.28795,-0.277121,0.078606,0.044233,24.912354
10111,2481,-1.592144,3.639187,-7.790732,-0.274989,0.025047,-0.063418,24.888824
10121,1298,-1.695095,4.395754,-8.583213,-0.258735,-0.058888,-0.163874,24.90353
10131,1644,-1.958457,5.080496,-9.349358,-0.218233,-0.145222,-0.250208,24.900589
10141,1620,-2.427721,5.659893,-10.117896,-0.156946,-0.204643,-0.310162,24.888824
10151,1626,-2.906561,6.191406,-10.886436,-0.071945,-0.22143,-0.329881,24.900589
10161,1638,-3.421314,6.593631,-11.532869,0.014389,-0.179596,-0.300037,24.897648
10171,1685,-3.842694,6.727707,-11.99495,0.050361,-0.088199,-0.208374,24.90353
10181,1716,-3.936068,6.469133,-11.927913,0.023449,0.03917,-0.081804,24.900589
10191,1745,-3.617639,5.865794,-11.178528,-0.022649,0.180662,0.019185,24.912354
10201,1808,-3.071761,5.432444,-10.09156,-0.031176,0.24781,0.070346,24.894707
10211,1845,-2.60968,5.262455,-9.093178,-0.007994,0.241681,0.090597,24.897648
10221,1825,-2.20506,4.967968,-8.377312,0.035972,0.185458,0.10019,24.90353
10231,1838,-1.958457,4.455609,-7.819463,0.075675,0.096726,0.086867,24.90353
10241,1899,-1.82917,4.046201,-7.501034,0.121507,-0.008793,0.038104,24.894707
10251,1851,-1.776498,3.878607,-7.477092,0.18759,-0.103121,-0.032508,24.894707
10261,1857,-1.908179,3.933673,-7.740454,0.240083,-0.163342,-0.084735,24.888824
10271,1920,-2.161964,3.948039,-8.185776,0.236086,-0.168937,-0.082603,24.900589
10281,1938,-2.30801,3.773262,-8.365341,0.176398,-0.134564,-0.04823,24.900589
10291,1990,-2.336741,3.62961,-8.401254,0.127636,-0.081538,-0.023182,24.894707
10301,2071,-2.365471,3.651158,-8.468291,0.081804,-0.016787,0,24.906471
10311,2126,-2.372654,3.684676,-8.39886,0.012257,0.069547,0.032242,24.894707
10321,2204,-2.296039,3.718195,-8.250419,-0.064484,0.132432,0.063152,24.912354
10331,2224,-2.104503,3.754108,-8.051701,-0.130567,0.150285,0.077008,24.906471
10341,2245,-1.932121,3.890578,-7.912837,-0.164141,0.127636,0.063152,24.888824
10351,2178,-1.843535,3.98874,-7.960721,-0.154548,0.075675,0.022916,24.894707
10361,2129,-1.841141,4.151546,-8.202535,-0.129234,0.017853,-0.02638,24.897648
10371,1971,-1.944092,4.458004,-8.678981,-0.109783,-0.038904,-0.06475,24.877058
10381,1763,-2.063802,4.709395,-8.956709,-0.086867,-0.075942,-0.080205,24.900589
10391,1658,-2.20506,4.876989,-9.129091,-0.042101,-0.094061,-0.081005,24.894707
10401,1601,-2.425326,4.855441,-9.337387,0.001332,-0.085268,-0.067948,24.891766
10411,1556,-2.533065,4.704607,-9.526528,-0.009326,-0.047697,-0.034374,24.912354
10421,1527,-2.604892,4.599261,-9.55047,-0.049828,0.011991,0.007994,24.900589
10431,1520,-2.528277,4.551377,-9.306262,-0.078606,0.057822,0.047164,24.891766
10441,1515,-2.355895,4.508282,-8.995016,-0.065017,0.077274,0.058089,24.897648
10451,1579,-2.252944,4.395754,-8.760384,-0.022916,0.074077,0.042101,24.897648
10461,1553,-2.152387,4.247314,-8.645462,-0.00826,0.050894,0.022116,24.90353
10471,1535,-2.03986,4.295198,-8.688558,-0.010658,0.027179,0.013057,24.900589
10481,1566,-2.008735,4.39336,-8.645462,-0.006395,0.010392,0.007727,24.900589
10491,1578,-2.0231,4.407725,-8.580819,0.012524,-0.015188,0.004796,24.897648
10501,1568,-2.200271,4.367024,-8.707711,0.028245,-0.029844,0.002931,24.891766
10511,1675,-2.348712,4.333505,-9.018958,0.020784,-0.03011,0.014389,24.885881
10521,1664,-2.379837,4.314352,-9.076419,0.004796,-0.019452,0.027446,24.900589
10531,1680,-2.334347,4.283227,-8.999804,0.006129,-0.003464,0.033841,24.912354
10541,1685,-2.240973,4.24492,-8.762778,0.014655,0.009593,0.036505,24.909412
10551,1713,-2.08535,4.192247,-8.571242,0.029311,0.005862,0.033574,24.885881
10561,1713,-1.987187,4.089296,-8.48984,0.027979,-0.00453,0.031975,24.868235
10571,1690,-2.011129,4.106056,-8.41083,0.00906,-0.011191,0.040236,24.874117
10581,1728,-2.030283,4.029441,-8.339005,-0.005596,-0.011458,0.044499,24.894707
10591,1702,-2.027889,3.995923,-8.295909,-0.010925,-0.018919,0.033308,24.888824
10601,1689,-2.140416,4.050989,-8.41083,-0.019452,-0.026646,0.017853,24.894707
10611,1683,-2.257732,4.13718,-8.678981,-0.033041,-0.016787,0.012257,24.894707
10621,1697,-2.341529,4.266468,-8.872911,-0.045299,-0.005063,0.015455,24.900589
10631,1682,-2.403779,4.338294,-8.959103,-0.048763,0.001332,0.021583,24.891766
10641,1723,-2.406173,4.355053,-8.89446,-0.043167,-0.013323,0.023182,24.900589
10651,1739,-2.406173,4.271256,-8.887277,-0.038104,-0.012257,0.02638,24.90353
10661,1744,-2.365471,4.163517,-8.942344,-0.043966,-0.014123,0.027979,24.888824
10671,1872,-2.300828,4.24492,-8.927979,-0.057023,-0.010658,0.021051,24.891766
10681,1886,-2.217031,4.419696,-8.789114,-0.055158,-0.014389,0.018119,24.897648
10691,1979,-2.207454,4.544195,-8.710106,-0.049828,-0.022649,0.025847,24.885881
10701,2047,-2.293645,4.560954,-8.781932,-0.044499,-0.027446,0.039703,24.88294
10711,1987,-2.339135,4.505888,-8.815451,-0.044233,-0.02638,0.057023,24.88294
10721,1904,-2.389413,4.446033,-8.805874,-0.040502,-0.024781,0.065017,24.874117
10731,1724,-2.466028,4.350265,-8.868123,-0.031176,-0.022383,0.068481,24.894707
10741,1669,-2.470816,4.302381,-8.942344,-0.01732,-0.010658,0.063152,24.90353
10751,1667,-2.341529,4.297592,-8.947132,-0.000533,0.000799,0.053559,24.906471
10761,1664,-2.30801,4.254497,-8.78672,-0.008527,0.017853,0.053559,24.906471
10771,1699,-2.094927,4.072537,-8.571242,-0.038371,0.022916,0.050361,24.888824
10781,1684,-1.932121,4.012682,-8.341399,-0.041302,0.004796,0.010658,24.900589
10791,1713,-1.975216,4.106056,-8.396465,-0.026113,-0.019452,-0.03091,24.897648
10801,1719,-2.121263,4.220978,-8.458714,-0.015721,-0.043966,-0.056757,24.885881
10811,1722,-2.363077,4.381389,-8.76996,-0.013856,-0.059155,-0.061286,24.891766
10821,1597,-2.494758,4.546589,-9.01417,-0.027712,-0.065816,-0.040236,24.879999
10831,1299,-2.60968,4.623203,-9.157822,-0.034907,-0.051694,-0.008527,24.894707
10841,3205,-2.664747,4.55856,-9.222465,-0.040236,-0.024515,0.027179,24.894707
10851,4095,-2.53546,4.383783,-9.050082,-0.042101,0.000533,0.046897,24.909412
10861,4095,-2.375048,4.240131,-8.815451,-0.05276,0.019185,0.056224,24.894707
10871,1490,-2.20506,4.209007,-8.662222,-0.059155,0.038371,0.058622,24.894707
10881,1510,-2.042254,4.355053,-8.554482,-0.063685,0.046897,0.066882,24.894707
10891,1763,-1.972822,4.350265,-8.422802,-0.063152,0.040236,0.077541,24.888824
10901,1702,-2.001553,4.220978,-8.355764,-0.059954,0.023449,0.067948,24.897648
10911,1733,-2.073379,4.180276,-8.461109,-0.059688,-0.002398,0.044766,24.891766
10921,1728,-2.169147,4.276044,-8.63828,-0.051427,-0.029311,0.023449,24.894707
10931,1778,-2.286463,4.338294,-8.848969,-0.03091,-0.046631,0.001332,24.909412
10941,1799,-2.372654,4.304775,-8.947132,-0.012524,-0.053559,-0.021583,24.888824
10951,1801,-2.406173,4.288015,-9.006987,-0.020251,-0.040502,-0.027979,24.891766
10961,1851,-2.418144,4.283227,-8.999804,-0.047697,-0.006662,-0.018919,24.894707
10971,1858,-2.331953,4.390966,-8.8777,-0.07381,0.02558,0.003464,24.88294
10981,1883,-2.236184,4.505888,-8.714894,-0.087666,0.0437,0.028778,24.888824
10991,1939,-2.147599,4.553771,-8.576031,-0.088732,0.051694,0.059688,24.888824
11001,1984,-2.116474,4.477157,-8.580819,-0.096726,0.046098,0.087133,24.894707
11011,1999,-2.073379,4.39336,-8.564059,-0.100456,0.027712,0.092729,24.894707
11021,2026,-1.984793,4.359841,-8.523358,-0.064217,-0.013323,0.062352,24.90353
11031,2083,-2.126051,4.278439,-8.65025,-0.002665,-0.053559,0.005329,24.888824
11041,2149,-2.30801,4.24492,-8.882488,0.03091,-0.08207,-0.037838,24.894707
11051,2220,-2.401384,4.297592,-9.009381,0.019985,-0.089265,-0.055158,24.894707
11061,2274,-2.3535,4.338294,-8.99741,0.006928,-0.085268,-0.056757,24.897648
11071,2320,-2.401384,4.383783,-9.107543,-0.011724,-0.05649,-0.050095,24.915295
11081,2415,-2.509123,4.405331,-9.129091,-0.043966,0,-0.029311,24.891766
11091,2401,-2.554613,4.481946,-8.942344,-0.083936,0.050894,0.01359,24.885881
11101,2469,-2.451663,4.620809,-8.75799,-0.108983,0.077008,0.056757,24.874117
11111,2389,-2.276886,4.649539,-8.5473,-0.106851,0.068747,0.085268,24.88294
11121,2183,-2.102109,4.503493,-8.391677,-0.066349,0.03091,0.077008,24.877058
11131,2041,-2.164358,4.352659,-8.499416,-0.01279,-0.016521,0.044766,24.891766
11141,1879,-2.243367,4.24492,-8.686164,0.018386,-0.054358,0.018119,24.897648
11151,1762,-2.260126,4.144363,-8.904037,0.00826,-0.049562,0.007727,24.894707
11161,1695,-2.312799,4.120421,-8.937555,-0.017054,-0.027712,0.007727,24.897648
11171,1703,-2.300828,4.204218,-8.784326,-0.023449,0.001599,0.00826,24.88294
11181,1679,-2.217031,4.309563,-8.695741,-0.023982,0.015721,0.018119,24.897648
11191,1680,-2.080561,4.39336,-8.497022,-0.022383,0.018119,0.029044,24.885881
11201,1666,-2.032677,4.465186,-8.429984,-0.022649,0.005063,0.022383,24.897648
11211,1680,-2.145205,4.386178,-8.451532,0.008527,-0.023449,0.005329,24.90353
11221,1675,-2.269703,4.302381,-8.60955,0.037038,-0.052227,-0.022116,24.888824
11231,1712,-2.375048,4.400543,-8.731653,0.04743,-0.070879,-0.036505,24.897648
11241,1713,-2.427721,4.503493,-8.880095,0.05649,-0.075409,-0.023715,24.90353
11251,1733,-2.430115,4.455609,-8.918402,0.031443,-0.069813,0.013323,24.897648
11261,1731,-2.360683,4.268862,-8.853758,-0.029577,-0.052227,0.057023,24.885881
11271,1766,-2.274492,4.194642,-8.695741,-0.095127,-0.02558,0.084202,24.900589
11281,1751,-2.195483,4.22816,-8.590396,-0.116977,-0.004796,0.087133,24.906471
11291,1808,-2.169147,4.359841,-8.537724,-0.102322,0.011458,0.082337,24.897648
11301,1815,-2.236184,4.374207,-8.631097,-0.079406,-0.001066,0.058888,24.918236
11311,1811,-2.221819,4.378995,-8.623915,-0.049029,-0.018919,0.020784,24.897648
11321,1808,-2.260126,4.276044,-8.719683,-0.022649,-0.045832,-0.018919,24.900589
11331,1804,-2.331953,4.252102,-8.796297,-0.016254,-0.066083,-0.050361,24.894707
11341,1783,-2.37026,4.431667,-8.863335,-0.019452,-0.059954,-0.061819,24.894707
11351,1817,-2.329558,4.690241,-8.851364,-0.02638,-0.031975,-0.045032,24.897648
11361,1817,-2.355895,4.805163,-8.78672,-0.042368,-0.006129,-0.000533,24.894707
11371,1803,-2.454057,4.714183,-8.779537,-0.055691,0.007727,0.055424,24.891766
11381,1808,-2.557007,4.651934,-8.959103,-0.066349,0.011458,0.118576,24.906471
11391,1904,-2.477999,4.493917,-8.880095,-0.112181,0.047697,0.174799,24.888824
11401,1985,-2.468422,4.223372,-8.805874,-0.151884,0.063685,0.198515,24.891766
11411,2062,-2.3535,4.139575,-8.62152,-0.171602,0.072744,0.198515,24.897648
11421,2160,-2.13084,4.003105,-8.291121,-0.14389,0.073277,0.161743,24.897648
11431,2144,-2.006341,4.036624,-8.224083,-0.106851,0.0437,0.118576,24.891766
11441,2026,-1.987187,4.144363,-8.425196,-0.102855,0.023715,0.095926,24.885881
11451,1870,-2.061408,4.335899,-8.599973,-0.106851,0.014655,0.081538,24.894707
11461,1782,-2.190695,4.548983,-8.78672,-0.102055,0.018919,0.079939,24.894707
11471,1769,-2.303222,4.577713,-8.947132,-0.06928,0.022116,0.07381,24.888824
11481,1778,-2.458845,4.661511,-9.023746,-0.00373,0.037305,0.063951,24.90353
11491,1806,-2.5187,4.553771,-9.165004,0.010126,0.049828,0.066616,24.891766
11501,1825,-2.458845,4.422091,-8.971074,-0.021051,0.059155,0.076208,24.894707
11511,1840,-2.298434,4.525041,-8.657434,-0.019985,0.053559,0.080472,24.885881
11521,1840,-2.135628,4.563348,-8.497022,0.005862,0.027179,0.055691,24.891766
11531,1866,-2.080561,4.668694,-8.307879,-0.014922,-0.002132,0.060487,24.90353
11541,1744,-2.169147,4.570531,-8.537724,0.00826,0.001066,0.075142,24.909412
11551,1373,-2.195483,4.601655,-8.734048,0.011724,0.027179,0.089531,24.897648
11561,3093,-2.202666,4.532224,-8.698134,0.030643,0.014389,0.10392,24.891766
11571,4095,-2.118869,4.443638,-8.549694,-0.013856,0.01359,0.119908,24.900589
11581,4095,-2.126051,4.350265,-8.463503,-0.024781,0.004263,0.117243,24.897648
11591,2182,-2.164358,4.328717,-8.542512,-0.00906,-0.014389,0.102588,24.900589
11601,1611,-2.217031,4.223372,-8.774749,-0.000533,-0.022116,0.085801,24.900589
11611,1872,-2.224213,4.204218,-8.784326,0.000266,-0.00453,0.055424,24.897648
11621,1845,-2.087744,4.218584,-8.571242,0.021317,-0.005596,0.029044,24.885881
11631,1846,-1.972822,4.264073,-8.47308,0.015721,-0.010392,-0.011458,24.897648
11641,1870,-1.956063,4.345476,-8.511387,-0.018386,-0.003464,-0.031176,24.915295
11651,1863,-1.968034,4.326323,-8.482656,-0.038904,-0.00826,-0.040769,24.900589
11661,1931,-2.0231,4.436456,-8.681376,-0.0437,-0.00906,-0.0437,24.912354
11671,1946,-2.164358,4.838682,-9.047688,-0.033308,-0.002398,-0.063418,24.90353
11681,1953,-2.360683,4.984728,-9.244013,-0.017853,0.001066,-0.065017,24.894707
11691,1998,-2.44448,4.984728,-9.255983,-0.034907,0.023449,-0.009859,24.915295
11701,2059,-2.681506,4.898537,-8.724471,-0.034907,0.033841,0.050628,24.906471
11711,2089,-2.111686,4.446033,-8.947132,-0.006928,0.046364,0.038904,24.900589
11721,2122,-2.202666,4.778827,-9.176975,-0.029844,-0.011991,0.035706,24.900589
11731,2165,-2.15957,4.486734,-8.930372,-0.107118,-0.011191,0.033574,24.90353
11741,2171,-2.111686,4.288015,-8.597578,-0.105786,-0.020251,0.010658,24.918236
11751,2203,-2.116474,4.240131,-8.492233,-0.118842,-0.033041,-0.007727,24.912354
11761,2266,-2.15957,4.055778,-8.432379,-0.115645,-0.050628,-0.03091,24.897648
11771,2349,-2.20506,4.118027,-8.611943,-0.094861,-0.076741,-0.054358,24.909412
11781,2374,-2.317587,4.376601,-8.75799,-0.089798,-0.086067,-0.058355,24.900589
11791,2445,-2.322376,4.491522,-8.99741,-0.128168,-0.078873,-0.019185,24.891766
11801,2523,-2.224213,4.651934,-9.215282,-0.213703,-0.085801,0.01359,24.900589
11811,2559,-2.049437,4.759673,-9.375694,-0.346401,-0.127636,0.005063,24.90353
11821,2553,-1.687912,4.965574,-7.821857,-0.410086,-0.133231,-0.058622,24.894707
11831,2448,-1.740585,4.335899,-6.663064,0.046364,0.141492,-0.18679,24.900589
11841,2294,-2.054225,3.780444,-8.377312,0.2606,0.159877,-0.206242,24.891766
11851,2125,-2.70066,3.871424,-9.323022,0.076741,0.023182,-0.142025,24.891766
11861,1994,-2.765303,4.362236,-9.31105,-0.123905,-0.027979,-0.044766,24.897648
11871,1879,-2.53546,4.790798,-9.198523,-0.163342,-0.022116,-0.009859,24.891766
11881,1831,-2.262521,5.133168,-8.583213,-0.028778,0.031443,-0.040769,24.888824
11891,1802,-2.104503,5.039794,-8.391677,0.195317,0.072478,-0.1311,24.894707
11901,1767,-2.176329,4.72376,-8.480263,0.392499,0.076208,-0.195051,24.897648
11911,1778,-2.341529,4.453215,-9.064447,0.418613,0.041035,-0.179063,24.900589
11921,1758,-2.425326,4.52983,-9.203311,0.373314,-0.01279,-0.163874,24.891766
11931,1793,-2.422932,4.429273,-9.481039,0.288579,-0.033041,-0.145222,24.906471
11941,1797,-2.513912,4.209007,-9.574412,0.128435,-0.037838,-0.119375,24.912354
11951,1775,-2.600103,3.881001,-9.449914,-0.089531,-0.019985,-0.068214,24.912354
11961,1794,-2.600103,3.715801,-8.992621,-0.235819,-0.002398,-0.015988,24.915295
11971,1833,-2.379837,3.892972,-8.729259,-0.301369,0.00453,0.005862,24.909412
11981,1861,-2.140416,4.055778,-7.999028,-0.230224,-0.047164,-0.033574,24.90353
11991,1872,-2.41575,4.362236,-8.875306,0.202245,-0.407421,-0.117243,24.906471
12001,1871,-2.485181,4.189853,-9.354146,0.155614,-0.383972,-0.169737,24.900589
12011,1866,-2.583344,4.302381,-8.858546,-0.041568,-0.237152,-0.17027,24.894707
12021,1855,-2.329558,4.390966,-8.449138,-0.07381,-0.062086,-0.148953,24.900589
12031,1905,-2.197877,4.386178,-8.327033,0.011191,0.058355,-0.174266,24.885881
12041,1918,-2.466028,4.340688,-8.520964,0.051694,0.096992,-0.179862,24.897648
12051,1882,-2.521094,4.424485,-8.619126,0.022649,0.124172,-0.130034,24.906471
12061,1876,-2.573767,4.508282,-8.822633,-0.032508,0.12124,-0.088199,24.885881
12071,1887,-2.667141,4.596867,-8.65025,-0.022116,0.134031,-0.029844,24.897648
12081,1854,-2.63841,4.333505,-8.880095,-0.035706,0.144689,-0.005329,24.894707
12091,1901,-2.63841,4.314352,-8.810662,-0.047697,0.082603,0.027179,24.897648
12101,1892,-2.566584,4.149151,-8.746018,-0.071945,0.032242,0.078606,24.894707
12111,1885,-2.475605,4.053383,-8.406042,-0.076208,0.041835,0.136162,24.897648
12121,1874,-2.183512,4.082114,-8.185776,-0.014922,0.077274,0.151351,24.906471
12131,1909,-1.975216,4.065354,-8.236053,0.069813,0.082603,0.095926,24.906471
12142,1955,-1.946486,3.924097,-8.415619,0.122306,0.061286,0.023449,24.897648
12152,2063,-2.135628,3.998317,-8.63828,0.191853,0.080472,-0.042634,24.897648
12162,2091,-2.262521,4.156334,-9.208099,0.237685,0.108983,-0.089265,24.897648
12172,2189,-2.406173,4.27365,-9.708488,0.164407,0.093262,-0.133764,24.915295
12182,2185,-2.722207,4.10845,-9.921572,-0.040502,0.033841,-0.127902,24.915295
12192,2111,-2.6839,4.096479,-9.533711,-0.284049,0.004263,-0.055691,24.897648
12202,1941,-2.506729,4.357447,-9.028535,-0.379975,0.031975,0.038371,24.894707
12212,1819,-2.214637,4.417302,-8.463503,-0.427406,0.071678,0.0874,24.900589
12222,1792,-1.996764,4.398149,-7.515399,-0.346668,0.120441,0.038904,24.90353
12232,1806,-1.968034,4.10845,-7.740454,-0.188389,0.075142,0.032242,24.897648
12242,1793,-2.236184,3.94325,-7.76679,-0.049296,0.041035,0.000533,24.909412
12252,1810,-2.264915,4.096479,-7.929596,0.162809,0.090331,-0.03544,24.897648
12262,1808,-2.322376,4.453215,-8.626308,0.323752,0.098591,-0.067948,24.906471
12272,1835,-2.3535,4.424485,-9.138668,0.368784,0.096992,-0.089531,24.906471
12282,1840,-2.425326,4.338294,-9.497798,0.32615,0.083136,-0.103121,24.909412
12292,1831,-2.679112,4.383783,-10.089166,0.223296,0.015721,-0.094861,24.891766
12302,1411,-2.760514,4.407725,-10.287885,0.02185,-0.044766,-0.081538,24.909412
12312,1968,-2.695871,4.278439,-9.900024,-0.158279,-0.044233,-0.062619,24.912354
12322,4095,-2.516306,4.151546,-9.409213,-0.306165,-0.015188,-0.021051,24.897648
12332,4095,-2.633622,4.52983,-8.916007,-0.336809,-0.002398,-0.013856,24.894707
12342,3907,-2.3535,4.230555,-9.066842,-0.355194,0.015988,-0.012257,24.924118
12352,1607,-2.25055,4.043807,-8.681376,-0.427139,-0.026113,0.012524,24.921177
12362,1745,-2.051831,3.976769,-7.577648,-0.290178,0.078606,-0.050095,24.906471
12372,1797,-1.889025,3.888184,-7.489063,-0.074077,0.102055,-0.126303,24.897648
12382,1748,-2.080561,3.91452,-7.893683,0.090064,0.079139,-0.180928,24.912354
12392,1825,-2.23379,4.22816,-8.437167,0.183326,0.018652,-0.190787,24.900589
12402,1787,-2.631228,4.505888,-9.239224,0.193452,-0.077008,-0.175865,24.897648
12412,1801,-2.899378,4.493917,-9.792285,0.083403,-0.16494,-0.100723,24.897648
12422,1807,-2.86586,4.448427,-9.500193,-0.058355,-0.154015,-0.009859,24.912354
12432,1836,-2.664747,4.295198,-9.11712,-0.09113,-0.1311,0.045832,24.906471
12442,1900,-2.446874,4.242526,-8.614338,-0.120974,-0.049828,0.070346,24.921177
12452,1905,-2.06859,4.395754,-8.226477,-0.032508,0.012524,0.038637,24.906471
12462,1927,-2.102109,4.496311,-8.39886,0.084202,0.068214,-0.050628,24.906471
12472,1970,-2.348712,4.182671,-8.604761,0.180129,0.116178,-0.119908,24.900589
12482,1984,-2.264915,3.991134,-8.908825,0.182793,0.109516,-0.161476,24.900589
12492,2000,-2.537854,3.904943,-8.987833,0.088199,0.062885,-0.159078,24.897648
12502,2027,-2.499547,4.003105,-8.865729,-0.014123,0.047963,-0.108184,24.915295
12512,2121,-2.432509,4.206613,-8.772355,-0.051694,0.055691,-0.087133,24.921177
12522,2128,-2.403779,4.256891,-8.463503,0.02185,0.065816,-0.103387,24.909412
12532,2214,-2.387019,4.230555,-8.441956,0.138294,0.05196,-0.125504,24.894707
12542,2281,-2.427721,3.976769,-8.767567,0.149752,0.020784,-0.126303,24.897648
12552,2327,-2.566584,3.957615,-9.059659,0.052493,-0.034374,-0.077008,24.894707
12562,2384,-2.573767,4.225766,-9.033323,-0.062086,-0.053292,0.005596,24.897648
12572,2399,-2.552219,4.197036,-9.057265,-0.138827,-0.017587,0.076208,24.918236
12582,2395,-2.521094,4.256891,-8.781932,-0.101256,0.035173,0.106585,24.897648
12592,2279,-2.537854,4.187459,-9.004593,-0.061286,0.099124,0.074609,24.888824
12602,2082,-2.669535,3.979163,-9.186552,-0.126303,0.079672,0.102055,24.909412
12612,1935,-2.334347,4.072537,-9.119514,-0.253939,0.044499,0.172934,24.912354
12622,1809,-2.296039,4.493917,-9.090784,-0.312028,-0.122839,0.123905,24.918236
12632,1753,-2.614468,4.086902,-8.839393,-0.236352,-0.142824,0.102588,24.90353
12642,1663,-2.480393,4.058172,-8.853758,-0.170003,-0.053026,0.120441,24.888824
12652,1673,-2.248155,4.103662,-9.021352,-0.206508,-0.062885,0.09113,24.894707
12662,1671,-2.109292,3.933673,-8.731653,-0.328015,-0.133764,0.080472,24.915295
12672,1680,-1.991976,4.146757,-8.197746,-0.333877,-0.139626,0.057289,24.906471
12682,1703,-1.989582,4.240131,-8.063671,-0.191587,-0.085534,-0.025847,24.885881
12692,1680,-2.296039,3.938462,-8.343793,-0.02185,-0.082337,-0.096992,24.894707
12702,1648,-2.664747,3.888184,-8.628703,0.038637,-0.068747,-0.102855,24.906471
12712,1695,-2.717419,3.96001,-8.655039,0.010925,0.00373,0.011458,24.906471
12722,1647,-2.348712,4.144363,-8.647857,-0.059688,0.07381,0.109516,24.888824
12732,1655,-2.090138,4.299986,-8.408437,-0.100456,0.100456,0.136162,24.906471
12742,1697,-1.946486,4.201824,-8.188169,-0.072478,0.135629,0.115112,24.900589
12752,1775,-2.063802,4.098873,-8.12592,0.018119,0.143357,0.042368,24.900589
12762,1790,-2.197877,4.106056,-8.350976,0.087666,0.114579,-0.01732,24.915295
12772,1893,-2.123657,4.304775,-8.626308,0.132432,0.066349,-0.091397,24.906471
12782,1941,-2.200271,4.563348,-8.899248,0.163075,0.014389,-0.165473,24.900589
12792,1717,-2.288857,4.795586,-9.074024,0.171602,0.007994,-0.18679,24.894707
12802,1751,-2.707842,4.939238,-9.196129,0.197982,0.069813,-0.163342,24.885881
12812,1727,-2.70066,4.474763,-9.615114,0.076475,0.046897,-0.111115,24.900589
12822,1706,-2.583344,4.15394,-8.734048,0.014123,0.068747,-0.077807,24.90353
12832,1732,-2.525883,4.005499,-8.631097,0.009326,0.054358,-0.078606,24.879999
12842,1771,-2.066196,4.22816,-8.116343,0.16041,0.007194,-0.148153,24.888824
12852,1922,-2.384625,4.120421,-8.576031,0.300037,-0.036505,-0.189988,24.891766
12862,1889,-2.794033,4.209007,-8.899248,0.263265,0.072211,-0.096193,24.877058
12872,1769,-2.741361,4.173094,-9.49301,0.180395,0.118576,-0.013057,24.894707
12882,1894,-2.475605,3.933673,-9.868899,-0.008793,0.112181,0.10925,24.912354
